label_index,word_id,word,support,accuracy,precision,recall,f1
0,1,고민,5,1.0,1.0,1.0,1.0
1,2,뻔뻔,5,1.0,1.0,1.0,1.0
2,3,수어,5,1.0,1.0,1.0,1.0
3,4,남아,5,1.0,1.0,1.0,1.0
4,5,눈,5,1.0,1.0,1.0,1.0
5,6,독신,5,1.0,1.0,1.0,1.0
6,7,음료수,5,1.0,1.0,1.0,1.0
7,8,발가락,5,1.0,1.0,1.0,1.0
8,9,슬프다,5,1.0,1.0,1.0,1.0
9,10,자극,5,0.8,1.0,0.8,0.888888888888889
10,11,안타깝다,5,1.0,1.0,1.0,1.0
11,12,어색하다,5,0.8,1.0,0.8,0.888888888888889
12,13,여아,5,1.0,1.0,1.0,1.0
13,14,외국인,5,1.0,0.8333333333333334,1.0,0.9090909090909091
14,15,영아,5,1.0,1.0,1.0,1.0
15,16,신사,5,1.0,1.0,1.0,1.0
16,17,뉴질랜드,5,1.0,1.0,1.0,1.0
17,18,나사렛대학교,5,1.0,1.0,1.0,1.0
18,19,알아서,5,0.8,1.0,0.8,0.888888888888889
19,20,장애인,5,1.0,1.0,1.0,1.0
20,21,열아홉번째,5,1.0,1.0,1.0,1.0
21,22,침착,5,1.0,0.8333333333333334,1.0,0.9090909090909091
22,23,성실,5,1.0,1.0,1.0,1.0
23,24,학교연혁,5,1.0,1.0,1.0,1.0
24,25,싫어하다,5,1.0,1.0,1.0,1.0
25,26,급하다,5,1.0,1.0,1.0,1.0
26,27,필기시험,5,1.0,1.0,1.0,1.0
27,28,병문안,5,1.0,1.0,1.0,1.0
28,29,검사,5,1.0,1.0,1.0,1.0
29,30,결승전,5,1.0,1.0,1.0,1.0
30,31,낚시터,5,1.0,1.0,1.0,1.0
31,32,낚시대,5,1.0,1.0,1.0,1.0
32,33,당뇨병,5,1.0,1.0,1.0,1.0
33,34,독서,5,1.0,1.0,1.0,1.0
34,35,매표소,5,1.0,1.0,1.0,1.0
35,36,면역,5,1.0,1.0,1.0,1.0
36,37,감기,5,1.0,0.8333333333333334,1.0,0.9090909090909091
37,38,배드민턴,5,1.0,1.0,1.0,1.0
38,39,변비,5,1.0,1.0,1.0,1.0
39,40,병명,5,1.0,1.0,1.0,1.0
40,41,보건소,5,1.0,1.0,1.0,1.0
41,42,불면증,5,1.0,1.0,1.0,1.0
42,43,불행,5,1.0,1.0,1.0,1.0
43,44,붕대,5,1.0,1.0,1.0,1.0
44,45,사위,5,1.0,1.0,1.0,1.0
45,46,설사,5,1.0,1.0,1.0,1.0
46,47,성병,5,1.0,1.0,1.0,1.0
47,48,방충,5,1.0,1.0,1.0,1.0
48,49,소화제,5,1.0,1.0,1.0,1.0
49,50,손녀,5,1.0,0.8333333333333334,1.0,0.9090909090909091
50,51,손자,5,0.8,1.0,0.8,0.888888888888889
51,52,수면제,5,1.0,0.8333333333333334,1.0,0.9090909090909091
52,53,수집가,5,1.0,1.0,1.0,1.0
53,54,여행지,5,1.0,1.0,1.0,1.0
54,55,예식장,5,1.0,1.0,1.0,1.0
55,56,올림픽경기,5,1.0,1.0,1.0,1.0
56,57,회복,5,1.0,1.0,1.0,1.0
57,58,첫번째,5,1.0,1.0,1.0,1.0
58,59,운동경기,5,1.0,1.0,1.0,1.0
59,60,입원,5,1.0,1.0,1.0,1.0
60,61,재혼,5,1.0,1.0,1.0,1.0
61,62,진단서,5,1.0,1.0,1.0,1.0
62,63,축구장,5,1.0,1.0,1.0,1.0
63,64,치료,5,1.0,1.0,1.0,1.0
64,65,치료법,5,1.0,1.0,1.0,1.0
65,66,친아들,5,1.0,1.0,1.0,1.0
66,67,퇴원,5,1.0,1.0,1.0,1.0
67,68,한약,5,1.0,1.0,1.0,1.0
68,69,한약방,5,1.0,1.0,1.0,1.0
69,70,빈혈,5,1.0,1.0,1.0,1.0
70,71,화상,5,1.0,1.0,1.0,1.0
71,72,가래떡,5,0.6,1.0,0.6,0.7499999999999999
72,73,고깃국,5,1.0,1.0,1.0,1.0
73,74,고추,5,1.0,1.0,1.0,1.0
74,75,고추가루,5,1.0,1.0,1.0,1.0
75,76,사골,5,1.0,0.8333333333333334,1.0,0.9090909090909091
76,77,배춧국,5,1.0,0.8333333333333334,1.0,0.9090909090909091
77,78,꽈배기,5,1.0,1.0,1.0,1.0
78,79,벌꿀,5,1.0,1.0,1.0,1.0
79,80,꿀물,5,1.0,1.0,1.0,1.0
80,81,냄비,5,1.0,1.0,1.0,1.0
81,82,찬물,5,1.0,1.0,1.0,1.0
82,83,다과,5,1.0,0.8333333333333334,1.0,0.9090909090909091
83,84,지방경찰청장,5,1.0,1.0,1.0,1.0
84,85,된장찌개,5,1.0,1.0,1.0,1.0
85,86,돼지고기,5,1.0,1.0,1.0,1.0
86,87,두부,5,1.0,1.0,1.0,1.0
87,88,딸기,5,1.0,1.0,1.0,1.0
88,89,떡국,5,1.0,1.0,1.0,1.0
89,90,라면,5,1.0,1.0,1.0,1.0
90,91,막걸리,5,1.0,0.5555555555555556,1.0,0.7142857142857143
91,92,무,5,0.8,1.0,0.8,0.888888888888889
92,93,밥그릇,5,1.0,1.0,1.0,1.0
93,94,밥솥,5,1.0,1.0,1.0,1.0
94,95,보신탕,5,1.0,1.0,1.0,1.0
95,96,부엌,5,1.0,1.0,1.0,1.0
96,97,소불고기,5,1.0,1.0,1.0,1.0
97,98,비빔밥,5,1.0,1.0,1.0,1.0
98,99,사과,5,1.0,1.0,1.0,1.0
99,100,사이다,5,1.0,1.0,1.0,1.0
100,101,달다,5,1.0,0.5,1.0,0.6666666666666666
101,102,소주,5,1.0,1.0,1.0,1.0
102,103,술잔,5,1.0,1.0,1.0,1.0
103,104,식당,5,1.0,1.0,1.0,1.0
104,105,쌀가루,5,1.0,1.0,1.0,1.0
105,106,냉커피,5,1.0,1.0,1.0,1.0
106,107,양식,5,1.0,0.7142857142857143,1.0,0.8333333333333333
107,108,위스키,5,1.0,1.0,1.0,1.0
108,109,술,5,1.0,1.0,1.0,1.0
109,110,용품,5,1.0,1.0,1.0,1.0
110,111,유리그릇,5,1.0,1.0,1.0,1.0
111,112,짬뽕,5,1.0,1.0,1.0,1.0
112,113,참외,5,1.0,1.0,1.0,1.0
113,114,칼국수,5,1.0,1.0,1.0,1.0
114,115,커피,5,1.0,1.0,1.0,1.0
115,116,콜라,5,1.0,1.0,1.0,1.0
116,117,콩가루,5,1.0,1.0,1.0,1.0
117,118,통조림,5,1.0,1.0,1.0,1.0
118,119,와인,5,1.0,1.0,1.0,1.0
119,120,백설기,5,1.0,1.0,1.0,1.0
120,121,가죽신,5,1.0,1.0,1.0,1.0
121,122,군복,5,1.0,1.0,1.0,1.0
122,123,포켓,5,0.8,1.0,0.8,0.888888888888889
123,124,양산,5,1.0,1.0,1.0,1.0
124,125,운동화,5,1.0,1.0,1.0,1.0
125,126,잠옷,5,1.0,1.0,1.0,1.0
126,127,이불,5,1.0,1.0,1.0,1.0
127,128,에어컨,5,1.0,1.0,1.0,1.0
128,129,행거,5,1.0,1.0,1.0,1.0
129,130,월세,5,1.0,1.0,1.0,1.0
130,131,전세,5,1.0,1.0,1.0,1.0
131,132,치약,5,0.8,1.0,0.8,0.888888888888889
132,133,가수,5,1.0,1.0,1.0,1.0
133,134,체감,5,1.0,0.8333333333333334,1.0,0.9090909090909091
134,135,경고,5,1.0,1.0,1.0,1.0
135,136,경찰서,5,1.0,1.0,1.0,1.0
136,137,공식,5,1.0,1.0,1.0,1.0
137,138,과장,5,1.0,1.0,1.0,1.0
138,139,관광버스,5,1.0,1.0,1.0,1.0
139,140,교수,5,1.0,1.0,1.0,1.0
140,141,교장,5,1.0,1.0,1.0,1.0
141,142,찻길,5,1.0,1.0,1.0,1.0
142,143,독일어,5,1.0,1.0,1.0,1.0
143,144,반환,5,1.0,1.0,1.0,1.0
144,145,음주운전,5,1.0,1.0,1.0,1.0
145,146,동아리,5,1.0,1.0,1.0,1.0
146,147,디자이너,5,1.0,1.0,1.0,1.0
147,148,마을버스,5,1.0,1.0,1.0,1.0
148,149,구급차,5,1.0,1.0,1.0,1.0
149,150,개입하지않는다,5,1.0,1.0,1.0,1.0
150,151,음주운전,5,1.0,1.0,1.0,1.0
151,152,사무,5,1.0,1.0,1.0,1.0
152,153,신입학,5,1.0,1.0,1.0,1.0
153,154,여객선,5,1.0,1.0,1.0,1.0
154,155,여행사,5,1.0,1.0,1.0,1.0
155,156,기차역,5,1.0,1.0,1.0,1.0
156,157,예술가,5,1.0,1.0,1.0,1.0
157,158,외국어,5,1.0,1.0,1.0,1.0
158,159,요리사,5,1.0,1.0,1.0,1.0
159,160,강요,5,1.0,1.0,1.0,1.0
160,161,운동선수,5,1.0,1.0,1.0,1.0
161,162,퇴임,5,1.0,1.0,1.0,1.0
162,163,의사,5,1.0,1.0,1.0,1.0
163,164,이력서,5,1.0,1.0,1.0,1.0
164,165,자가용,5,1.0,1.0,1.0,1.0
165,166,재택근무,5,1.0,1.0,1.0,1.0
166,167,연령제한,5,1.0,1.0,1.0,1.0
167,168,주차장,5,1.0,1.0,1.0,1.0
168,169,채팅,5,1.0,1.0,1.0,1.0
169,170,출근,5,1.0,1.0,1.0,1.0
170,171,코치,5,1.0,1.0,1.0,1.0
171,172,터미널,5,1.0,1.0,1.0,1.0
172,173,근무,5,1.0,1.0,1.0,1.0
173,174,통역사,5,1.0,1.0,1.0,1.0
174,175,퇴사,5,1.0,1.0,1.0,1.0
175,176,사직,5,1.0,0.5555555555555556,1.0,0.7142857142857143
176,177,판결,5,1.0,1.0,1.0,1.0
177,178,평가,5,1.0,1.0,1.0,1.0
178,179,두번째,5,1.0,0.8333333333333334,1.0,0.9090909090909091
179,180,항공사,5,1.0,1.0,1.0,1.0
180,181,교통안전교육,5,1.0,1.0,1.0,1.0
181,182,화상채팅,5,1.0,1.0,1.0,1.0
182,183,회식,5,1.0,1.0,1.0,1.0
183,184,교통기본교육,5,1.0,1.0,1.0,1.0
184,185,후원,5,1.0,1.0,1.0,1.0
185,186,희생,5,1.0,1.0,1.0,1.0
186,187,간호사,5,1.0,1.0,1.0,1.0
187,188,교통법교육,5,1.0,1.0,1.0,1.0
188,189,계약금,5,1.0,1.0,1.0,1.0
189,190,고용,5,1.0,0.7142857142857143,1.0,0.8333333333333333
190,191,사업장,5,1.0,1.0,1.0,1.0
191,192,버스값,5,1.0,1.0,1.0,1.0
192,193,구직,5,1.0,1.0,1.0,1.0
193,194,논,5,1.0,1.0,1.0,1.0
194,195,대기업,5,1.0,1.0,1.0,1.0
195,196,사육장,5,1.0,1.0,1.0,1.0
196,197,백화점,5,1.0,1.0,1.0,1.0
197,198,압류,5,1.0,1.0,1.0,1.0
198,199,거지,5,1.0,1.0,1.0,1.0
199,200,수입,5,1.0,1.0,1.0,1.0
200,201,신용카드,5,1.0,1.0,1.0,1.0
201,202,백수,5,1.0,1.0,1.0,1.0
202,203,아르바이트,5,1.0,1.0,1.0,1.0
203,204,샛길,5,1.0,1.0,1.0,1.0
204,205,일시불,5,1.0,1.0,1.0,1.0
205,206,주유소,5,1.0,1.0,1.0,1.0
206,207,집주인,5,1.0,1.0,1.0,1.0
207,208,한국은행,5,1.0,1.0,1.0,1.0
208,209,경찰청장,5,1.0,1.0,1.0,1.0
209,210,가정교육,5,1.0,1.0,1.0,1.0
210,211,고등학교,5,1.0,1.0,1.0,1.0
211,212,고등학생,5,1.0,1.0,1.0,1.0
212,213,교무실,5,1.0,0.8333333333333334,1.0,0.9090909090909091
213,214,개학,5,1.0,1.0,1.0,1.0
214,215,교실,5,0.8,1.0,0.8,0.888888888888889
215,216,교육자,5,1.0,1.0,1.0,1.0
216,217,국어학,5,1.0,1.0,1.0,1.0
217,218,낙제,5,1.0,1.0,1.0,1.0
218,219,예절,5,1.0,1.0,1.0,1.0
219,220,독서실,5,1.0,1.0,1.0,1.0
220,221,등교,5,1.0,1.0,1.0,1.0
221,222,맹학교,5,1.0,1.0,1.0,1.0
222,223,복습,5,1.0,1.0,1.0,1.0
223,224,분필,5,1.0,1.0,1.0,1.0
224,225,상장,5,1.0,1.0,1.0,1.0
225,226,서점,5,1.0,1.0,1.0,1.0
226,227,학업,5,1.0,1.0,1.0,1.0
227,228,실습,5,1.0,1.0,1.0,1.0
228,229,여학교,5,1.0,1.0,1.0,1.0
229,230,여학생,5,1.0,1.0,1.0,1.0
230,231,연구소,5,1.0,1.0,1.0,1.0
231,232,연구실,5,1.0,1.0,1.0,1.0
232,233,예습,5,1.0,1.0,1.0,1.0
233,234,유학,5,1.0,1.0,1.0,1.0
234,235,의학,5,1.0,1.0,1.0,1.0
235,236,지도,5,1.0,1.0,1.0,1.0
236,237,재학,5,1.0,1.0,1.0,1.0
237,238,연구,5,1.0,1.0,1.0,1.0
238,239,학부모,5,1.0,1.0,1.0,1.0
239,240,학식,5,1.0,1.0,1.0,1.0
240,241,훈련,5,1.0,1.0,1.0,1.0
241,242,경기도,5,1.0,1.0,1.0,1.0
242,243,경남,5,1.0,1.0,1.0,1.0
243,244,경북,5,1.0,1.0,1.0,1.0
244,245,남산,5,1.0,1.0,1.0,1.0
245,246,울릉도,5,1.0,1.0,1.0,1.0
246,247,울산,5,1.0,0.625,1.0,0.7692307692307693
247,248,전남,5,1.0,1.0,1.0,1.0
248,249,청주,5,1.0,1.0,1.0,1.0
249,250,충북,5,1.0,1.0,1.0,1.0
250,251,충남,5,1.0,1.0,1.0,1.0
251,252,불경,5,1.0,1.0,1.0,1.0
252,253,불경,5,1.0,0.8333333333333334,1.0,0.9090909090909091
253,254,성경책,5,1.0,1.0,1.0,1.0
254,255,신학,5,1.0,1.0,1.0,1.0
255,256,장로교,5,1.0,1.0,1.0,1.0
256,257,일요일,5,1.0,1.0,1.0,1.0
257,258,축하,5,1.0,1.0,1.0,1.0
258,259,회개,5,1.0,1.0,1.0,1.0
259,260,소감,5,1.0,1.0,1.0,1.0
260,261,장난,5,0.8,1.0,0.8,0.888888888888889
261,262,장인,5,1.0,1.0,1.0,1.0
262,263,희생자,5,1.0,1.0,1.0,1.0
263,264,디자인,5,1.0,1.0,1.0,1.0
264,265,돌무덤,5,1.0,1.0,1.0,1.0
265,266,쇠기둥,5,1.0,1.0,1.0,1.0
266,267,동화책,5,1.0,1.0,1.0,1.0
267,268,목공예,5,1.0,1.0,1.0,1.0
268,269,문학,5,1.0,1.0,1.0,1.0
269,270,문화유산,5,1.0,1.0,1.0,1.0
270,271,음악가,5,1.0,1.0,1.0,1.0
271,272,예술,5,1.0,1.0,1.0,1.0
272,273,초상화,5,1.0,1.0,1.0,1.0
273,274,토기,5,1.0,1.0,1.0,1.0
274,275,흑백영화,5,1.0,1.0,1.0,1.0
275,276,공군,5,1.0,1.0,1.0,1.0
276,277,감옥,5,1.0,1.0,1.0,1.0
277,278,국왕,5,1.0,1.0,1.0,1.0
278,279,보건복지,5,1.0,1.0,1.0,1.0
279,280,고소,5,1.0,1.0,1.0,1.0
280,281,유권자,5,1.0,1.0,1.0,1.0
281,282,절도죄,5,1.0,1.0,1.0,1.0
282,283,수감자,5,1.0,1.0,1.0,1.0
283,284,총무,5,1.0,1.0,1.0,1.0
284,285,강,5,0.2,0.25,0.2,0.22222222222222224
285,286,달빛,5,1.0,1.0,1.0,1.0
286,287,장마,5,1.0,1.0,1.0,1.0
287,288,체온,5,0.4,1.0,0.4,0.5714285714285715
288,289,파도,5,1.0,1.0,1.0,1.0
289,290,하늘,5,0.2,0.2,0.2,0.20000000000000004
290,291,가시나무,5,1.0,1.0,1.0,1.0
291,292,강아지,5,1.0,1.0,1.0,1.0
292,293,구렁이,5,1.0,1.0,1.0,1.0
293,294,까마귀,5,1.0,1.0,1.0,1.0
294,295,꽃씨,5,1.0,1.0,1.0,1.0
295,296,꽃잎,5,1.0,1.0,1.0,1.0
296,297,웃는척,5,1.0,1.0,1.0,1.0
297,298,흡연실,5,1.0,1.0,1.0,1.0
298,299,무궁화,5,1.0,1.0,1.0,1.0
299,300,밤나무,5,1.0,1.0,1.0,1.0
300,301,벚꽃,5,1.0,1.0,1.0,1.0
301,302,깃털,5,1.0,1.0,1.0,1.0
302,303,솔잎,5,1.0,1.0,1.0,1.0
303,304,송아지,5,1.0,1.0,1.0,1.0
304,305,소뿔,5,1.0,1.0,1.0,1.0
305,306,양털,5,1.0,1.0,1.0,1.0
306,307,연꽃,5,1.0,1.0,1.0,1.0
307,308,참새,5,1.0,1.0,1.0,1.0
308,309,어젯밤,5,1.0,1.0,1.0,1.0
309,310,갈색,5,1.0,1.0,1.0,1.0
310,311,최상급,5,1.0,1.0,1.0,1.0
311,312,공휴일,5,1.0,1.0,1.0,1.0
312,313,세번째,5,1.0,1.0,1.0,1.0
313,314,네번째,5,1.0,1.0,1.0,1.0
314,315,흙내음,5,1.0,1.0,1.0,1.0
315,316,금요일,5,1.0,1.0,1.0,1.0
316,317,급행,5,1.0,1.0,1.0,1.0
317,318,남부지방,5,1.0,1.0,1.0,1.0
318,319,식목일,5,1.0,1.0,1.0,1.0
319,320,방금,5,1.0,1.0,1.0,1.0
320,321,100만원,5,0.2,0.5,0.2,0.28571428571428575
321,322,보라색,5,1.0,1.0,1.0,1.0
322,323,분홍조명,5,1.0,1.0,1.0,1.0
323,324,분홍색,5,1.0,0.5555555555555556,1.0,0.7142857142857143
324,325,얼굴이빨개지다,5,1.0,1.0,1.0,1.0
325,326,사춘기,5,1.0,1.0,1.0,1.0
326,327,3.1절,5,1.0,1.0,1.0,1.0
327,328,생년월일,5,1.0,1.0,1.0,1.0
328,329,수요일,5,1.0,0.8333333333333334,1.0,0.9090909090909091
329,330,10만원,5,1.0,0.29411764705882354,1.0,0.45454545454545453
330,331,어떻게,5,1.0,1.0,1.0,1.0
331,332,어린이날,5,1.0,1.0,1.0,1.0
332,333,연말,5,1.0,1.0,1.0,1.0
333,334,예전,5,1.0,1.0,1.0,1.0
334,335,식전,5,1.0,1.0,1.0,1.0
335,336,월요일,5,1.0,1.0,1.0,1.0
336,337,일요일,5,1.0,1.0,1.0,1.0
337,338,자정,5,1.0,1.0,1.0,1.0
338,339,아까,5,1.0,1.0,1.0,1.0
339,340,진하기,5,1.0,1.0,1.0,1.0
340,341,검정머리,5,1.0,1.0,1.0,1.0
341,342,최대,5,1.0,1.0,1.0,1.0
342,343,최소,5,1.0,1.0,1.0,1.0
343,344,평일,5,1.0,1.0,1.0,1.0
344,345,한글날,5,1.0,1.0,1.0,1.0
345,346,현충일,5,1.0,1.0,1.0,1.0
346,347,화요일,5,1.0,1.0,1.0,1.0
347,348,황금색,5,1.0,1.0,1.0,1.0
348,349,흑백,5,1.0,1.0,1.0,1.0
349,350,흑색,5,1.0,1.0,1.0,1.0
350,351,임시협약,5,1.0,1.0,1.0,1.0
351,352,감금,5,1.0,1.0,1.0,1.0
352,353,탈춤,5,1.0,1.0,1.0,1.0
353,354,가명,5,1.0,1.0,1.0,1.0
354,355,가발,5,1.0,1.0,1.0,1.0
355,356,가위바위보,5,0.8,1.0,0.8,0.888888888888889
356,357,가족회의,5,1.0,1.0,1.0,1.0
357,358,가짜,5,1.0,1.0,1.0,1.0
358,359,서약서,5,1.0,1.0,1.0,1.0
359,360,간편,5,1.0,1.0,1.0,1.0
360,361,감옥,5,1.0,1.0,1.0,1.0
361,362,감옥살이,5,1.0,1.0,1.0,1.0
362,363,보호,5,1.0,1.0,1.0,1.0
363,364,견습,5,1.0,1.0,1.0,1.0
364,365,강약,5,1.0,1.0,1.0,1.0
365,366,강철,5,1.0,1.0,1.0,1.0
366,367,개똥,5,1.0,1.0,1.0,1.0
367,368,개명,5,1.0,1.0,1.0,1.0
368,369,신경쓰다,5,1.0,1.0,1.0,1.0
369,370,거목,5,1.0,1.0,1.0,1.0
370,371,거북선,5,0.0,0.0,0.0,0.0
371,372,거역,5,1.0,1.0,1.0,1.0
372,373,거지,5,1.0,1.0,1.0,1.0
373,374,건장,5,1.0,1.0,1.0,1.0
374,375,걸스카우트,5,1.0,1.0,1.0,1.0
375,376,거지,5,1.0,1.0,1.0,1.0
376,377,겉멋,5,0.2,0.5,0.2,0.28571428571428575
377,378,휴학,5,1.0,1.0,1.0,1.0
378,379,회칙,5,1.0,1.0,1.0,1.0
379,380,결승전,5,1.0,1.0,1.0,1.0
380,381,경찰행정,5,1.0,1.0,1.0,1.0
381,382,경비실,5,1.0,1.0,1.0,1.0
382,383,고아원,5,1.0,1.0,1.0,1.0
383,384,고춧잎,5,1.0,1.0,1.0,1.0
384,385,불알,5,1.0,1.0,1.0,1.0
385,386,황금기,5,1.0,1.0,1.0,1.0
386,387,골절,5,1.0,1.0,1.0,1.0
387,388,공식발표,5,1.0,1.0,1.0,1.0
388,389,맞추다,5,1.0,1.0,1.0,1.0
389,390,공군본부,5,1.0,1.0,1.0,1.0
390,391,공범,5,1.0,1.0,1.0,1.0
391,392,동거,5,1.0,1.0,1.0,1.0
392,393,공증,5,1.0,1.0,1.0,1.0
393,394,과로,5,1.0,1.0,1.0,1.0
394,395,실수,5,1.0,1.0,1.0,1.0
395,396,회상,5,1.0,1.0,1.0,1.0
396,397,과태료,5,1.0,1.0,1.0,1.0
397,398,관습,5,1.0,1.0,1.0,1.0
398,399,직인,5,1.0,1.0,1.0,1.0
399,400,정밀검사,5,1.0,1.0,1.0,1.0
400,401,대지,5,1.0,1.0,1.0,1.0
401,402,광업,5,1.0,1.0,1.0,1.0
402,403,미치광이,5,1.0,1.0,1.0,1.0
403,404,강풍,5,1.0,1.0,1.0,1.0
404,405,환대,5,1.0,1.0,1.0,1.0
405,406,교가,5,1.0,1.0,1.0,1.0
406,407,교기,5,1.0,1.0,1.0,1.0
407,408,지도,5,1.0,1.0,1.0,1.0
408,409,교명,5,1.0,1.0,1.0,1.0
409,410,교모,5,1.0,1.0,1.0,1.0
410,411,지도법,5,1.0,1.0,1.0,1.0
411,412,학습,5,1.0,1.0,1.0,1.0
412,413,지도,5,1.0,1.0,1.0,1.0
413,414,교육과정,5,1.0,1.0,1.0,1.0
414,415,교육청,5,1.0,1.0,1.0,1.0
415,416,교사직무,5,1.0,1.0,1.0,1.0
416,417,사거리,5,1.0,1.0,1.0,1.0
417,418,교탁,5,1.0,1.0,1.0,1.0
418,419,구두액,5,1.0,1.0,1.0,1.0
419,420,수갑,5,1.0,1.0,1.0,1.0
420,421,조직도,5,1.0,1.0,1.0,1.0
421,422,국그릇,5,1.0,1.0,1.0,1.0
422,423,국기,5,1.0,1.0,1.0,1.0
423,424,독립,5,1.0,1.0,1.0,1.0
424,425,군가,5,1.0,1.0,1.0,1.0
425,426,군마,5,1.0,1.0,1.0,1.0
426,427,다섯번째,5,1.0,0.8333333333333334,1.0,0.9090909090909091
427,428,군비행장,5,1.0,1.0,1.0,1.0
428,429,독재자,5,1.0,1.0,1.0,1.0
429,430,귀부인,5,1.0,1.0,1.0,1.0
430,431,상류층,5,1.0,1.0,1.0,1.0
431,432,모범,5,1.0,1.0,1.0,1.0
432,433,그날,5,1.0,1.0,1.0,1.0
433,434,기초확인,5,1.0,1.0,1.0,1.0
434,435,금식,5,1.0,1.0,1.0,1.0
435,436,얼마,5,0.6,1.0,0.6,0.7499999999999999
436,437,금연,5,1.0,1.0,1.0,1.0
437,438,금욕,5,1.0,1.0,1.0,1.0
438,439,금주,5,1.0,1.0,1.0,1.0
439,440,불쌍,5,1.0,1.0,1.0,1.0
440,441,식도염,5,1.0,1.0,1.0,1.0
441,442,신기,5,1.0,1.0,1.0,1.0
442,443,신기,5,1.0,1.0,1.0,1.0
443,444,기혼,5,1.0,1.0,1.0,1.0
444,445,귀중품,5,1.0,1.0,1.0,1.0
445,446,길몽,5,1.0,1.0,1.0,1.0
446,447,길일,5,1.0,1.0,1.0,1.0
447,448,길운,5,1.0,0.7142857142857143,1.0,0.8333333333333333
448,449,고난이도,5,1.0,1.0,1.0,1.0
449,450,비좁다,5,1.0,1.0,1.0,1.0
450,451,유언,5,1.0,1.0,1.0,1.0
451,452,온실,5,1.0,1.0,1.0,1.0
452,453,고난이도,5,1.0,1.0,1.0,1.0
453,454,날쎄다,5,1.0,1.0,1.0,1.0
454,455,비루,5,1.0,1.0,1.0,1.0
455,456,쑥쓰럽다,5,1.0,1.0,1.0,1.0
456,457,남성적,5,1.0,1.0,1.0,1.0
457,458,내정,5,1.0,1.0,1.0,1.0
458,459,능숙,5,1.0,1.0,1.0,1.0
459,460,데모,5,1.0,1.0,1.0,1.0
460,461,농인,5,1.0,1.0,1.0,1.0
461,462,다복,5,1.0,1.0,1.0,1.0
462,463,결합을끊다,5,1.0,1.0,1.0,1.0
463,464,단명,5,1.0,1.0,1.0,1.0
464,465,단문,5,1.0,1.0,1.0,1.0
465,466,능력자,5,1.0,1.0,1.0,1.0
466,467,곰방대,5,1.0,1.0,1.0,1.0
467,468,담당,5,1.0,1.0,1.0,1.0
468,469,답안지,5,1.0,1.0,1.0,1.0
469,470,책임이사,5,1.0,1.0,1.0,1.0
470,471,채용자,5,1.0,1.0,1.0,1.0
471,472,대교,5,1.0,1.0,1.0,1.0
472,473,대독,5,1.0,1.0,1.0,1.0
473,474,대필,5,1.0,1.0,1.0,1.0
474,475,대성공,5,1.0,1.0,1.0,1.0
475,476,세수대야,5,1.0,1.0,1.0,1.0
476,477,확정,5,1.0,1.0,1.0,1.0
477,478,면적,5,1.0,1.0,1.0,1.0
478,479,회장,5,1.0,1.0,1.0,1.0
479,480,품격,5,1.0,1.0,1.0,1.0
480,481,도벽,5,1.0,1.0,1.0,1.0
481,482,도자기기술,5,1.0,1.0,1.0,1.0
482,483,자습,5,1.0,1.0,1.0,1.0
483,484,돌기둥,5,1.0,1.0,1.0,1.0
484,485,돌다리,5,1.0,1.0,1.0,1.0
485,486,돌벽,5,1.0,1.0,1.0,1.0
486,487,동갑,5,1.0,1.0,1.0,1.0
487,488,동메달,5,1.0,1.0,1.0,1.0
488,489,주민센터,5,1.0,1.0,1.0,1.0
489,490,독특,5,1.0,1.0,1.0,1.0
490,491,무덤덤,5,1.0,1.0,1.0,1.0
491,492,뒷산,5,1.0,1.0,1.0,1.0
492,493,등록금,5,1.0,1.0,1.0,1.0
493,494,담당,5,1.0,1.0,1.0,1.0
494,495,생각못하다,5,1.0,1.0,1.0,1.0
495,496,주문서,5,1.0,1.0,1.0,1.0
496,497,마구간,5,1.0,1.0,1.0,1.0
497,498,마술사,5,1.0,1.0,1.0,1.0
498,499,마스크,5,1.0,1.0,1.0,1.0
499,500,마음에들다,5,1.0,1.0,1.0,1.0
500,501,막차,5,1.0,1.0,1.0,1.0
501,502,만취,5,1.0,1.0,1.0,1.0
502,503,나무기둥,5,1.0,1.0,1.0,1.0
503,504,의미,5,1.0,1.0,1.0,1.0
504,505,실언,5,1.0,1.0,1.0,1.0
505,506,말끼어들기,5,1.0,1.0,1.0,1.0
506,507,망아지,5,1.0,1.0,1.0,1.0
507,508,무매력,5,1.0,0.7142857142857143,1.0,0.8333333333333333
508,509,확약,5,1.0,1.0,1.0,1.0
509,510,고급지다,5,1.0,1.0,1.0,1.0
510,511,맷돌,5,1.0,1.0,1.0,1.0
511,512,먹,5,1.0,1.0,1.0,1.0
512,513,회원,5,1.0,1.0,1.0,1.0
513,514,사라지다,5,1.0,1.0,1.0,1.0
514,515,명단,5,1.0,1.0,1.0,1.0
515,516,명마,5,1.0,1.0,1.0,1.0
516,517,명예,5,1.0,1.0,1.0,1.0
517,518,모범생,5,1.0,1.0,1.0,1.0
518,519,무례,5,1.0,1.0,1.0,1.0
519,520,무법자,5,1.0,1.0,1.0,1.0
520,521,무료교육,5,1.0,1.0,1.0,1.0
521,522,무의미,5,1.0,1.0,1.0,1.0
522,523,무인상,5,1.0,1.0,1.0,1.0
523,524,무통,5,1.0,1.0,1.0,1.0
524,525,무허가,5,1.0,1.0,1.0,1.0
525,526,여배우,5,1.0,1.0,1.0,1.0
526,527,문잠그다,5,1.0,1.0,1.0,1.0
527,528,문제지,5,1.0,1.0,1.0,1.0
528,529,상세검색,5,1.0,1.0,1.0,1.0
529,530,묻다,5,1.0,1.0,1.0,1.0
530,531,물총,5,1.0,1.0,1.0,1.0
531,532,물통,5,1.0,1.0,1.0,1.0
532,533,미군,5,1.0,1.0,1.0,1.0
533,534,미납,5,1.0,1.0,1.0,1.0
534,535,미신,5,1.0,1.0,1.0,1.0
535,536,미완성,5,1.0,1.0,1.0,1.0
536,537,미행,5,1.0,1.0,1.0,1.0
537,538,미혼,5,1.0,1.0,1.0,1.0
538,539,밀고,5,1.0,1.0,1.0,1.0
539,540,밀거래,5,1.0,1.0,1.0,1.0
540,541,밀거래단,5,1.0,1.0,1.0,1.0
541,542,밀서,5,1.0,1.0,1.0,1.0
542,543,밀거래,5,1.0,1.0,1.0,1.0
543,544,밀작,5,1.0,1.0,1.0,1.0
544,545,확답,5,1.0,1.0,1.0,1.0
545,546,반역,5,1.0,1.0,1.0,1.0
546,547,반장,5,1.0,1.0,1.0,1.0
547,548,발견,5,0.4,1.0,0.4,0.5714285714285715
548,549,발언권,5,1.0,1.0,1.0,1.0
549,550,방식,5,1.0,1.0,1.0,1.0
550,551,화실,5,1.0,1.0,1.0,1.0
551,552,방음,5,1.0,1.0,1.0,1.0
552,553,방직,5,0.8,1.0,0.8,0.888888888888889
553,554,방직공장,5,1.0,1.0,1.0,1.0
554,555,정보차단,5,1.0,1.0,1.0,1.0
555,556,방도,5,1.0,1.0,1.0,1.0
556,557,위로,5,1.0,1.0,1.0,1.0
557,558,견습소,5,1.0,1.0,1.0,1.0
558,559,배은,5,1.0,1.0,1.0,1.0
559,560,결심,5,0.6,0.5,0.6,0.5454545454545454
560,561,백일잔치,5,1.0,1.0,1.0,1.0
561,562,번거롭다,5,1.0,1.0,1.0,1.0
562,563,출산증가,5,1.0,1.0,1.0,1.0
563,564,베다,5,1.0,1.0,1.0,1.0
564,565,벌칙사항,5,1.0,1.0,1.0,1.0
565,566,소개,5,1.0,1.0,1.0,1.0
566,567,별거,5,1.0,1.0,1.0,1.0
567,568,별미,5,1.0,1.0,1.0,1.0
568,569,병가,5,1.0,1.0,1.0,1.0
569,570,병사,5,1.0,1.0,1.0,1.0
570,571,쓰러지다,5,1.0,1.0,1.0,1.0
571,572,환자실,5,1.0,1.0,1.0,1.0
572,573,병아리,5,1.0,1.0,1.0,1.0
573,574,군책,5,1.0,1.0,1.0,1.0
574,575,보수교육,5,1.0,1.0,1.0,1.0
575,576,보이스카우트,5,1.0,1.0,1.0,1.0
576,577,부동산,5,1.0,1.0,1.0,1.0
577,578,보건복지부,5,1.0,1.0,1.0,1.0
578,579,복지카드,5,1.0,1.0,1.0,1.0
579,580,희미,5,1.0,1.0,1.0,1.0
580,581,부고,5,1.0,1.0,1.0,1.0
581,582,무자유,5,1.0,1.0,1.0,1.0
582,583,분담,5,1.0,1.0,1.0,1.0
583,584,투쟁,5,1.0,1.0,1.0,1.0
584,585,여섯번째,5,1.0,1.0,1.0,1.0
585,586,가쁘다,5,1.0,1.0,1.0,1.0
586,587,무각오,5,1.0,1.0,1.0,1.0
587,588,호명,5,1.0,1.0,1.0,1.0
588,589,비교연구,5,1.0,1.0,1.0,1.0
589,590,비닐하우스,5,1.0,1.0,1.0,1.0
590,591,비인간적,5,1.0,1.0,1.0,1.0
591,592,자비없다,5,1.0,1.0,1.0,1.0
592,593,예금,5,1.0,1.0,1.0,1.0
593,594,공석,5,1.0,1.0,1.0,1.0
594,595,완벽,5,1.0,1.0,1.0,1.0
595,596,속달,5,1.0,1.0,1.0,1.0
596,597,삐치다,5,1.0,1.0,1.0,1.0
597,598,사감,5,1.0,1.0,1.0,1.0
598,599,형제지간,5,1.0,1.0,1.0,1.0
599,600,사냥꾼,5,0.0,0.0,0.0,0.0
600,601,겉모습,5,1.0,0.5,1.0,0.6666666666666666
601,602,면제,5,1.0,1.0,1.0,1.0
602,603,사모님,5,1.0,1.0,1.0,1.0
603,604,복사본,5,1.0,1.0,1.0,1.0
604,605,사생활,5,1.0,1.0,1.0,1.0
605,606,혈통,5,1.0,1.0,1.0,1.0
606,607,사립,5,1.0,1.0,1.0,1.0
607,608,친척,5,1.0,1.0,1.0,1.0
608,609,사용법,5,1.0,1.0,1.0,1.0
609,610,친가족,5,1.0,1.0,1.0,1.0
610,611,사인,5,1.0,1.0,1.0,1.0
611,612,혈액형,5,1.0,0.8333333333333334,1.0,0.9090909090909091
612,613,부채질,5,0.6,1.0,0.6,0.7499999999999999
613,614,사진작가,5,1.0,1.0,1.0,1.0
614,615,과용,5,0.8,1.0,0.8,0.888888888888889
615,616,사립학교,5,0.0,0.0,0.0,0.0
616,617,사후,5,0.0,0.0,0.0,0.0
617,618,삭발,5,0.0,0.0,0.0,0.0
618,619,38선,5,1.0,0.5,1.0,0.6666666666666666
619,620,상품,5,1.0,1.0,1.0,1.0
620,621,새,5,1.0,1.0,1.0,1.0
621,622,새똥,5,1.0,1.0,1.0,1.0
622,623,새알,5,1.0,1.0,1.0,1.0
623,624,새집,5,1.0,1.0,1.0,1.0
624,625,색맹,5,1.0,1.0,1.0,1.0
625,626,색연필,5,0.0,0.0,0.0,0.0
626,627,색종이,5,1.0,1.0,1.0,1.0
627,628,학생생활기록부,5,1.0,1.0,1.0,1.0
628,629,혈서,5,1.0,1.0,1.0,1.0
629,630,후천적,5,1.0,1.0,1.0,1.0
630,631,벨트,5,1.0,1.0,1.0,1.0
631,632,맹세,5,1.0,1.0,1.0,1.0
632,633,서구식,5,1.0,1.0,1.0,1.0
633,634,서울역,5,1.0,1.0,1.0,1.0
634,635,헤드라이트,5,1.0,1.0,1.0,1.0
635,636,편견,5,1.0,1.0,1.0,1.0
636,637,정벌,5,1.0,1.0,1.0,1.0
637,638,사납다,5,1.0,1.0,1.0,1.0
638,639,섬나라,5,1.0,1.0,1.0,1.0
639,640,직무대행,5,1.0,1.0,1.0,1.0
640,641,성인,5,1.0,1.0,1.0,1.0
641,642,연설,5,1.0,1.0,1.0,1.0
642,643,연설문,5,1.0,1.0,1.0,1.0
643,644,제사,5,1.0,1.0,1.0,1.0
644,645,성씨,5,1.0,1.0,1.0,1.0
645,646,성조기,5,1.0,1.0,1.0,1.0
646,647,성폭행,5,0.2,1.0,0.2,0.33333333333333337
647,648,세뇌,5,1.0,1.0,1.0,1.0
648,649,센티미터,5,1.0,1.0,1.0,1.0
649,650,소금물,5,1.0,1.0,1.0,1.0
650,651,소복,5,1.0,1.0,1.0,1.0
651,652,소화불량,5,1.0,1.0,1.0,1.0
652,653,송년회,5,1.0,1.0,1.0,1.0
653,654,쇄신,5,1.0,1.0,1.0,1.0
654,655,수영장,5,1.0,1.0,1.0,1.0
655,656,수재,5,1.0,1.0,1.0,1.0
656,657,수저통,5,1.0,1.0,1.0,1.0
657,658,숙련,5,1.0,1.0,1.0,1.0
658,659,야간경비,5,1.0,1.0,1.0,1.0
659,660,순금,5,1.0,1.0,1.0,1.0
660,661,순산,5,1.0,1.0,1.0,1.0
661,662,술값,5,1.0,1.0,1.0,1.0
662,663,술집,5,1.0,1.0,1.0,1.0
663,664,숨차다,5,1.0,1.0,1.0,1.0
664,665,일곱번째,5,1.0,0.8333333333333334,1.0,0.9090909090909091
665,666,습자,5,1.0,1.0,1.0,1.0
666,667,승마복,5,1.0,1.0,1.0,1.0
667,668,승패,5,1.0,1.0,1.0,1.0
668,669,시댁,5,1.0,1.0,1.0,1.0
669,670,시달리다,5,1.0,1.0,1.0,1.0
670,671,시차,5,1.0,1.0,1.0,1.0
671,672,첫째,5,1.0,1.0,1.0,1.0
672,673,시험감독,5,1.0,1.0,1.0,1.0
673,674,선별,5,1.0,1.0,1.0,1.0
674,675,신식,5,1.0,1.0,1.0,1.0
675,676,신체적장애,5,1.0,1.0,1.0,1.0
676,677,신통하다,5,1.0,1.0,1.0,1.0
677,678,실명,5,1.0,1.0,1.0,1.0
678,679,실생활,5,1.0,1.0,1.0,1.0
679,680,여덟번째,5,0.0,0.0,0.0,0.0
680,681,증거,5,1.0,1.0,1.0,1.0
681,682,실천,5,1.0,1.0,1.0,1.0
682,683,공개,5,1.0,1.0,1.0,1.0
683,684,괴롭다,5,1.0,1.0,1.0,1.0
684,685,논의,5,1.0,1.0,1.0,1.0
685,686,쌀값,5,1.0,1.0,1.0,1.0
686,687,아끼다,5,1.0,1.0,1.0,1.0
687,688,고집,5,1.0,1.0,1.0,1.0
688,689,통증,5,1.0,1.0,1.0,1.0
689,690,악몽,5,1.0,1.0,1.0,1.0
690,691,악습,5,1.0,1.0,1.0,1.0
691,692,악영향,5,1.0,1.0,1.0,1.0
692,693,악용,5,1.0,1.0,1.0,1.0
693,694,나빠지다,5,1.0,1.0,1.0,1.0
694,695,안경원,5,1.0,1.0,1.0,1.0
695,696,안내원,5,1.0,1.0,1.0,1.0
696,697,안위,5,1.0,1.0,1.0,1.0
697,698,암살,5,1.0,0.8333333333333334,1.0,0.9090909090909091
698,699,깜깜하다,5,1.0,1.0,1.0,1.0
699,700,압정,5,1.0,1.0,1.0,1.0
700,701,애국자,5,1.0,1.0,1.0,1.0
701,702,안쓰럽다,5,1.0,1.0,1.0,1.0
702,703,애착,5,1.0,1.0,1.0,1.0
703,704,애처,5,1.0,1.0,1.0,1.0
704,705,야구부,5,1.0,1.0,1.0,1.0
705,706,건달,5,1.0,1.0,1.0,1.0
706,707,약학,5,0.8,1.0,0.8,0.888888888888889
707,708,얌전하다,5,1.0,1.0,1.0,1.0
708,709,양계,5,1.0,1.0,1.0,1.0
709,710,일임,5,1.0,1.0,1.0,1.0
710,711,경로당,5,1.0,1.0,1.0,1.0
711,712,양서,5,1.0,1.0,1.0,1.0
712,713,온순하다,5,1.0,1.0,1.0,1.0
713,714,형식,5,1.0,1.0,1.0,1.0
714,715,숙녀복,5,1.0,1.0,1.0,1.0
715,716,양젖,5,1.0,1.0,1.0,1.0
716,717,언약,5,1.0,1.0,1.0,1.0
717,718,알록달록,5,1.0,1.0,1.0,1.0
718,719,깎다,5,1.0,1.0,1.0,1.0
719,720,여공,5,1.0,1.0,1.0,1.0
720,721,여군,5,1.0,1.0,1.0,1.0
721,722,여대생,5,1.0,1.0,1.0,1.0
722,723,여성복,5,1.0,1.0,1.0,1.0
723,724,여성학과,5,1.0,1.0,1.0,1.0
724,725,여경,5,1.0,1.0,1.0,1.0
725,726,여탕,5,1.0,1.0,1.0,1.0
726,727,연애편지,5,1.0,1.0,1.0,1.0
727,728,연초,5,1.0,1.0,1.0,1.0
728,729,연패,5,1.0,1.0,1.0,1.0
729,730,연합,5,1.0,1.0,1.0,1.0
730,731,연하다,5,1.0,1.0,1.0,1.0
731,732,영문법,5,1.0,1.0,1.0,1.0
732,733,독보적,5,1.0,1.0,1.0,1.0
733,734,일반직,5,1.0,1.0,1.0,1.0
734,735,예정,5,1.0,1.0,1.0,1.0
735,736,오리알,5,1.0,1.0,1.0,1.0
736,737,오산,5,1.0,1.0,1.0,1.0
737,738,좋다,5,1.0,1.0,1.0,1.0
738,739,순종,5,1.0,1.0,1.0,1.0
739,740,황소고집,5,1.0,1.0,1.0,1.0
740,741,완납,5,1.0,1.0,1.0,1.0
741,742,완료,5,1.0,1.0,1.0,1.0
742,743,완패,5,1.0,1.0,1.0,1.0
743,744,왕족,5,1.0,1.0,1.0,1.0
744,745,천황,5,1.0,1.0,1.0,1.0
745,746,의문,5,1.0,1.0,1.0,1.0
746,747,외상값,5,1.0,1.0,1.0,1.0
747,748,외손녀,5,1.0,0.8333333333333334,1.0,0.9090909090909091
748,749,외손자,5,0.8,1.0,0.8,0.888888888888889
749,750,요강,5,1.0,1.0,1.0,1.0
750,751,주요점,5,1.0,1.0,1.0,1.0
751,752,사용처,5,1.0,1.0,1.0,1.0
752,753,용사,5,1.0,1.0,1.0,1.0
753,754,큰소리,5,1.0,1.0,1.0,1.0
754,755,우물,5,1.0,1.0,1.0,1.0
755,756,우승,5,1.0,0.8333333333333334,1.0,0.9090909090909091
756,757,우승자,5,0.8,1.0,0.8,0.888888888888889
757,758,아홉번째,5,1.0,0.8333333333333334,1.0,0.9090909090909091
758,759,열번째,5,0.0,0.0,0.0,0.0
759,760,열두번째,5,0.0,0.0,0.0,0.0
760,761,위임,5,1.0,1.0,1.0,1.0
761,762,유대인,5,1.0,1.0,1.0,1.0
762,763,유전,5,1.0,1.0,1.0,1.0
763,764,유조선,5,1.0,1.0,1.0,1.0
764,765,은신처,5,1.0,1.0,1.0,1.0
765,766,응접실,5,1.0,1.0,1.0,1.0
766,767,정의,5,1.0,1.0,1.0,1.0
767,768,지도,5,1.0,1.0,1.0,1.0
768,769,회의록,5,1.0,1.0,1.0,1.0
769,770,이의,5,1.0,1.0,1.0,1.0
770,771,익명,5,1.0,1.0,1.0,1.0
771,772,익사,5,1.0,1.0,1.0,1.0
772,773,인력,5,1.0,1.0,1.0,1.0
773,774,농부,5,1.0,1.0,1.0,1.0
774,775,인사법,5,1.0,1.0,1.0,1.0
775,776,인자,5,1.0,1.0,1.0,1.0
776,777,인증,5,1.0,1.0,1.0,1.0
777,778,인질,5,1.0,1.0,1.0,1.0
778,779,일본인,5,1.0,1.0,1.0,1.0
779,780,열세번째,5,1.0,1.0,1.0,1.0
780,781,자막,5,1.0,1.0,1.0,1.0
781,782,자살자,5,1.0,1.0,1.0,1.0
782,783,자석,5,1.0,1.0,1.0,1.0
783,784,경과실,5,1.0,1.0,1.0,1.0
784,785,작명,5,1.0,1.0,1.0,1.0
785,786,작업복,5,1.0,1.0,1.0,1.0
786,787,장단점,5,1.0,1.0,1.0,1.0
787,788,장려하다,5,1.0,1.0,1.0,1.0
788,789,옷장,5,1.0,1.0,1.0,1.0
789,790,장애인연금,5,1.0,1.0,1.0,1.0
790,791,장애아동수당,5,1.0,1.0,1.0,1.0
791,792,장애유형,5,1.0,1.0,1.0,1.0
792,793,장애인기능경기대회,5,1.0,1.0,1.0,1.0
793,794,장애인등에대한특수교육법,5,1.0,1.0,1.0,1.0
794,795,장애인복지관,5,1.0,1.0,1.0,1.0
795,796,장점,5,1.0,1.0,1.0,1.0
796,797,장학,5,1.0,1.0,1.0,1.0
797,798,재고,5,1.0,1.0,1.0,1.0
798,799,목재,5,1.0,1.0,1.0,1.0
799,800,재봉틀,5,1.0,1.0,1.0,1.0
800,801,복습,5,1.0,1.0,1.0,1.0
801,802,재청,5,1.0,1.0,1.0,1.0
802,803,무식,5,1.0,1.0,1.0,1.0
803,804,저명인사,5,1.0,1.0,1.0,1.0
804,805,전기기술자,5,1.0,1.0,1.0,1.0
805,806,전기세,5,1.0,1.0,1.0,1.0
806,807,전쟁터,5,1.0,1.0,1.0,1.0
807,808,전화번호,5,1.0,1.0,1.0,1.0
808,809,절수,5,1.0,1.0,1.0,1.0
809,810,틀림없다,5,1.0,1.0,1.0,1.0
810,811,공식,5,1.0,1.0,1.0,1.0
811,812,정신장애,5,1.0,1.0,1.0,1.0
812,813,단전,5,1.0,1.0,1.0,1.0
813,814,월초,5,1.0,1.0,1.0,1.0
814,815,우유,5,1.0,1.0,1.0,1.0
815,816,구두,5,1.0,1.0,1.0,1.0
816,817,조간신문,5,1.0,1.0,1.0,1.0
817,818,조회,5,1.0,1.0,1.0,1.0
818,819,졸업장,5,1.0,1.0,1.0,1.0
819,820,종소리,5,1.0,1.0,1.0,1.0
820,821,종점,5,1.0,1.0,1.0,1.0
821,822,주관,5,1.0,1.0,1.0,1.0
822,823,주방장,5,1.0,1.0,1.0,1.0
823,824,사고방식,5,1.0,1.0,1.0,1.0
824,825,알코올중독,5,1.0,1.0,1.0,1.0
825,826,준우승,5,1.0,1.0,1.0,1.0
826,827,중매,5,1.0,1.0,1.0,1.0
827,828,재임,5,1.0,1.0,1.0,1.0
828,829,쥐덫,5,1.0,1.0,1.0,1.0
829,830,확인서,5,1.0,1.0,1.0,1.0
830,831,증원,5,1.0,1.0,1.0,1.0
831,832,증인,5,1.0,1.0,1.0,1.0
832,833,지급일,5,1.0,1.0,1.0,1.0
833,834,총괄자,5,1.0,1.0,1.0,1.0
834,835,지팡이,5,1.0,1.0,1.0,1.0
835,836,직책,5,1.0,1.0,1.0,1.0
836,837,진상,5,1.0,1.0,1.0,1.0
837,838,진실,5,1.0,1.0,1.0,1.0
838,839,징검다리,5,1.0,1.0,1.0,1.0
839,840,가르다,5,1.0,1.0,1.0,1.0
840,841,백석,5,1.0,1.0,1.0,1.0
841,842,차멀미,5,1.0,1.0,1.0,1.0
842,843,복잡하다,5,1.0,1.0,1.0,1.0
843,844,참가자,5,1.0,1.0,1.0,1.0
844,845,참관,5,1.0,1.0,1.0,1.0
845,846,차도,5,1.0,1.0,1.0,1.0
846,847,쓸쓸하다,5,1.0,1.0,1.0,1.0
847,848,천리,5,1.0,1.0,1.0,1.0
848,849,천벌,5,1.0,1.0,1.0,1.0
849,850,천연색,5,1.0,1.0,1.0,1.0
850,851,철교,5,1.0,1.0,1.0,1.0
851,852,철근,5,1.0,1.0,1.0,1.0
852,853,철면피,5,1.0,1.0,1.0,1.0
853,854,철모,5,1.0,1.0,1.0,1.0
854,855,철문,5,1.0,1.0,1.0,1.0
855,856,철판,5,1.0,1.0,1.0,1.0
856,857,앞서가다,5,1.0,1.0,1.0,1.0
857,858,제안,5,1.0,1.0,1.0,1.0
858,859,청소당번,5,1.0,1.0,1.0,1.0
859,860,청원,5,1.0,1.0,1.0,1.0
860,861,청진기,5,1.0,1.0,1.0,1.0
861,862,체납,5,1.0,1.0,1.0,1.0
862,863,체취,5,1.0,1.0,1.0,1.0
863,864,체험,5,1.0,1.0,1.0,1.0
864,865,체험담,5,1.0,1.0,1.0,1.0
865,866,초대권,5,1.0,0.8333333333333334,1.0,0.9090909090909091
866,867,초라,5,1.0,1.0,1.0,1.0
867,868,초면,5,1.0,1.0,1.0,1.0
868,869,초산,5,1.0,1.0,1.0,1.0
869,870,초혼,5,1.0,1.0,1.0,1.0
870,871,촉진,5,1.0,1.0,1.0,1.0
871,872,촛불,5,1.0,1.0,1.0,1.0
872,873,총소리,5,1.0,1.0,1.0,1.0
873,874,총회,5,1.0,1.0,1.0,1.0
874,875,추남,5,1.0,1.0,1.0,1.0
875,876,추녀,5,1.0,1.0,1.0,1.0
876,877,추수,5,1.0,1.0,1.0,1.0
877,878,출석,5,1.0,1.0,1.0,1.0
878,879,격노,5,1.0,1.0,1.0,1.0
879,880,부추기다,5,1.0,1.0,1.0,1.0
880,881,풍성,5,1.0,1.0,1.0,1.0
881,882,충성,5,1.0,1.0,1.0,1.0
882,883,취객,5,1.0,1.0,1.0,1.0
883,884,치과의사,5,1.0,1.0,1.0,1.0
884,885,치료제,5,1.0,1.0,1.0,1.0
885,886,친자,5,1.0,1.0,1.0,1.0
886,887,카지노,5,1.0,1.0,1.0,1.0
887,888,칼,5,1.0,1.0,1.0,1.0
888,889,칼슘,5,1.0,1.0,1.0,1.0
889,890,코코아,5,1.0,1.0,1.0,1.0
890,891,콩기름,5,1.0,0.7142857142857143,1.0,0.8333333333333333
891,892,콩밭,5,1.0,1.0,1.0,1.0
892,893,콩잎,5,1.0,1.0,1.0,1.0
893,894,군사혁명,5,1.0,1.0,1.0,1.0
894,895,키다리,5,1.0,1.0,1.0,1.0
895,896,킬로그램,5,1.0,1.0,1.0,1.0
896,897,킬로미터,5,1.0,1.0,1.0,1.0
897,898,탁구공,5,0.6,1.0,0.6,0.7499999999999999
898,899,탈영,5,1.0,1.0,1.0,1.0
899,900,탈환,5,1.0,1.0,1.0,1.0
900,901,독서광,5,1.0,1.0,1.0,1.0
901,902,탐욕,5,1.0,1.0,1.0,1.0
902,903,태극기,5,1.0,1.0,1.0,1.0
903,904,총괄,5,1.0,1.0,1.0,1.0
904,905,바래다,5,1.0,1.0,1.0,1.0
905,906,수감,5,1.0,1.0,1.0,1.0
906,907,특권,5,0.8,1.0,0.8,0.888888888888889
907,908,특명,5,1.0,1.0,1.0,1.0
908,909,특선,5,1.0,1.0,1.0,1.0
909,910,막히다,5,1.0,1.0,1.0,1.0
910,911,건성건성,5,1.0,1.0,1.0,1.0
911,912,여분,5,1.0,0.7142857142857143,1.0,0.8333333333333333
912,913,소심,5,0.6,1.0,0.6,0.7499999999999999
913,914,뽐내다,5,1.0,0.8333333333333334,1.0,0.9090909090909091
914,915,쇼하다,5,1.0,1.0,1.0,1.0
915,916,과시,5,1.0,1.0,1.0,1.0
916,917,정성껏,5,1.0,1.0,1.0,1.0
917,918,전심전력,5,1.0,1.0,1.0,1.0
918,919,적격,5,1.0,1.0,1.0,1.0
919,920,추출,5,1.0,1.0,1.0,1.0
920,921,드러나다,5,1.0,1.0,1.0,1.0
921,922,결점,5,1.0,1.0,1.0,1.0
922,923,결점,5,1.0,1.0,1.0,1.0
923,924,결점,5,1.0,1.0,1.0,1.0
924,925,결점,5,1.0,1.0,1.0,1.0
925,926,흠집,5,1.0,1.0,1.0,1.0
926,927,불량,5,1.0,1.0,1.0,1.0
927,928,계기,5,1.0,1.0,1.0,1.0
928,929,걸핏하면,5,1.0,1.0,1.0,1.0
929,930,독식,5,1.0,1.0,1.0,1.0
930,931,물귀신,5,1.0,1.0,1.0,1.0
931,932,매일매일,5,0.6,1.0,0.6,0.7499999999999999
932,933,순식간,5,1.0,1.0,1.0,1.0
933,934,촉박,5,1.0,1.0,1.0,1.0
934,935,더디다,5,1.0,1.0,1.0,1.0
935,936,놓치다,5,1.0,1.0,1.0,1.0
936,937,허탕,5,1.0,0.5,1.0,0.6666666666666666
937,938,혹시,5,1.0,1.0,1.0,1.0
938,939,밤샘,5,1.0,1.0,1.0,1.0
939,940,들어맞다,5,1.0,1.0,1.0,1.0
940,941,복귀,5,1.0,1.0,1.0,1.0
941,942,학수고대,5,1.0,1.0,1.0,1.0
942,943,가다,5,1.0,1.0,1.0,1.0
943,944,가다,5,1.0,0.8333333333333334,1.0,0.9090909090909091
944,945,지름길,5,1.0,1.0,1.0,1.0
945,946,가다,5,1.0,1.0,1.0,1.0
946,947,사라지다,5,1.0,1.0,1.0,1.0
947,948,가깝다,5,1.0,1.0,1.0,1.0
948,949,멀다,5,1.0,1.0,1.0,1.0
949,950,오래도록,5,1.0,1.0,1.0,1.0
950,951,결사,5,1.0,1.0,1.0,1.0
951,952,진수성찬,5,1.0,1.0,1.0,1.0
952,953,배고프다,5,1.0,1.0,1.0,1.0
953,954,입맛에맞지않다,5,1.0,1.0,1.0,1.0
954,955,과음,5,1.0,1.0,1.0,1.0
955,956,주정뱅이,5,1.0,1.0,1.0,1.0
956,957,타이트하다,5,1.0,1.0,1.0,1.0
957,958,칩거,5,1.0,1.0,1.0,1.0
958,959,대박,5,1.0,1.0,1.0,1.0
959,960,저택,5,1.0,1.0,1.0,1.0
960,961,궁핍하다,5,1.0,1.0,1.0,1.0
961,962,쓰다,5,1.0,1.0,1.0,1.0
962,963,옛것,5,1.0,1.0,1.0,1.0
963,964,수북하다,5,1.0,1.0,1.0,1.0
964,965,회복,5,1.0,1.0,1.0,1.0
965,966,녹초,5,1.0,1.0,1.0,1.0
966,967,진땀나다,5,0.0,0.0,0.0,0.0
967,968,난감하다,5,1.0,0.8333333333333334,1.0,0.9090909090909091
968,969,마르다,5,1.0,1.0,1.0,1.0
969,970,불면,5,1.0,1.0,1.0,1.0
970,971,결벽,5,1.0,1.0,1.0,1.0
971,972,뙤약볕,5,1.0,1.0,1.0,1.0
972,973,못견디다,5,1.0,1.0,1.0,1.0
973,974,안심,5,1.0,1.0,1.0,1.0
974,975,익숙,5,1.0,1.0,1.0,1.0
975,976,이심전심,5,1.0,1.0,1.0,1.0
976,977,유명무실,5,1.0,1.0,1.0,1.0
977,978,소식,5,0.4,1.0,0.4,0.5714285714285715
978,979,겹치다,5,1.0,0.8333333333333334,1.0,0.9090909090909091
979,980,첩첩산중,5,1.0,0.8333333333333334,1.0,0.9090909090909091
980,981,동상이몽,5,1.0,1.0,1.0,1.0
981,982,일자무식,5,1.0,1.0,1.0,1.0
982,983,싫증나다,5,1.0,1.0,1.0,1.0
983,984,일석이조,5,1.0,1.0,1.0,1.0
984,985,자승자박,5,1.0,1.0,1.0,1.0
985,986,궁지,5,1.0,1.0,1.0,1.0
986,987,찰나,5,1.0,1.0,1.0,1.0
987,988,순식간,5,1.0,1.0,1.0,1.0
988,989,순식간,5,1.0,1.0,1.0,1.0
989,990,이미,5,1.0,1.0,1.0,1.0
990,991,수포,5,1.0,1.0,1.0,1.0
991,992,기세등등,5,1.0,1.0,1.0,1.0
992,993,공교롭다,5,1.0,1.0,1.0,1.0
993,994,보복,5,1.0,1.0,1.0,1.0
994,995,남몰래,5,1.0,1.0,1.0,1.0
995,996,근근이,5,1.0,1.0,1.0,1.0
996,997,근근이,5,1.0,1.0,1.0,1.0
997,998,얻어먹다,5,1.0,1.0,1.0,1.0
998,999,황소고집,5,1.0,1.0,1.0,1.0
999,1000,속다,5,1.0,1.0,1.0,1.0
1000,1001,한국농아인협회,5,1.0,1.0,1.0,1.0
1001,1002,한국농아인협회,5,1.0,1.0,1.0,1.0
1002,1003,서울특별시농아인협회,5,1.0,1.0,1.0,1.0
1003,1004,서울특별시수어통역센터,5,1.0,1.0,1.0,1.0
1004,1005,서울시청,5,1.0,1.0,1.0,1.0
1005,1006,강남구지부,5,1.0,1.0,1.0,1.0
1006,1007,강남구수어통역센터,5,1.0,1.0,1.0,1.0
1007,1008,강동구지부,5,1.0,1.0,1.0,1.0
1008,1009,강동구수어통역센터,5,1.0,1.0,1.0,1.0
1009,1010,강동구주민지원센터,5,1.0,1.0,1.0,1.0
1010,1011,강북구지부,5,1.0,1.0,1.0,1.0
1011,1012,강북구수어통역센터,5,1.0,1.0,1.0,1.0
1012,1013,강북구주민지원센터,5,1.0,1.0,1.0,1.0
1013,1014,강서구지부,5,1.0,1.0,1.0,1.0
1014,1015,강서구수어통역센터,5,1.0,1.0,1.0,1.0
1015,1016,강서구주민지원센터,5,1.0,1.0,1.0,1.0
1016,1017,관악구지부,5,1.0,1.0,1.0,1.0
1017,1018,관악구수어통역센터,5,1.0,1.0,1.0,1.0
1018,1019,관악구주민지원센터,5,1.0,1.0,1.0,1.0
1019,1020,광진구지부,5,1.0,0.8333333333333334,1.0,0.9090909090909091
1020,1021,광진구수어통역센터,5,1.0,1.0,1.0,1.0
1021,1022,광진구주민지원센터,5,1.0,1.0,1.0,1.0
1022,1023,구로구지부,5,1.0,1.0,1.0,1.0
1023,1024,구로구수어통역센터,5,0.6,1.0,0.6,0.7499999999999999
1024,1025,구로구주민지원센터,5,1.0,1.0,1.0,1.0
1025,1026,금천구지부,5,1.0,1.0,1.0,1.0
1026,1027,금천구수어통역센터,5,1.0,1.0,1.0,1.0
1027,1028,노원구지부,5,1.0,1.0,1.0,1.0
1028,1029,노원구수어통역센터,5,1.0,1.0,1.0,1.0
1029,1030,노원구주민지원센터,5,1.0,1.0,1.0,1.0
1030,1031,도봉구지부,5,1.0,1.0,1.0,1.0
1031,1032,도봉구수어통역센터,5,1.0,1.0,1.0,1.0
1032,1033,도봉구주민지원센터,5,1.0,1.0,1.0,1.0
1033,1034,동대문구지부,5,1.0,1.0,1.0,1.0
1034,1035,동대문구수어통역센터,5,1.0,1.0,1.0,1.0
1035,1036,동대문구주민지원센터,5,1.0,1.0,1.0,1.0
1036,1037,동작구지부,5,1.0,1.0,1.0,1.0
1037,1038,동작구수어통역센터,5,1.0,1.0,1.0,1.0
1038,1039,동작구주민지원센터,5,1.0,1.0,1.0,1.0
1039,1040,마포구지부,5,1.0,1.0,1.0,1.0
1040,1041,마포구수어통역센터,5,0.8,1.0,0.8,0.888888888888889
1041,1042,마포구주민지원센터,5,1.0,1.0,1.0,1.0
1042,1043,서대문구지부,5,1.0,1.0,1.0,1.0
1043,1044,서대문구수어통역센터,5,1.0,1.0,1.0,1.0
1044,1045,서대문구주민지원센터,5,1.0,1.0,1.0,1.0
1045,1046,서초구지부,5,1.0,1.0,1.0,1.0
1046,1047,서초구수어통역센터,5,1.0,1.0,1.0,1.0
1047,1048,서초구주민지원센터,5,1.0,1.0,1.0,1.0
1048,1049,성동구지부,5,0.8,1.0,0.8,0.888888888888889
1049,1050,성동구수어통역센터,5,1.0,1.0,1.0,1.0
1050,1051,성동구주민지원센터,5,1.0,1.0,1.0,1.0
1051,1052,성북구지부,5,1.0,1.0,1.0,1.0
1052,1053,성북구수어통역센터,5,1.0,1.0,1.0,1.0
1053,1054,성북구주민지원센터,5,1.0,1.0,1.0,1.0
1054,1055,송파구지부,5,1.0,1.0,1.0,1.0
1055,1056,송파구수어통역센터,5,1.0,1.0,1.0,1.0
1056,1057,송파구주민지원센터,5,1.0,1.0,1.0,1.0
1057,1058,양천구지부,5,1.0,1.0,1.0,1.0
1058,1059,양천구수어통역센터,5,1.0,1.0,1.0,1.0
1059,1060,양천구주민지원센터,5,1.0,1.0,1.0,1.0
1060,1061,영등포구지부,5,1.0,1.0,1.0,1.0
1061,1062,영등포구수어통역센터,5,1.0,1.0,1.0,1.0
1062,1063,영등포구주민지원센터,5,1.0,1.0,1.0,1.0
1063,1064,용산구지부,5,1.0,1.0,1.0,1.0
1064,1065,용산구수어통역센터,5,1.0,1.0,1.0,1.0
1065,1066,용산구주민지원센터,5,1.0,1.0,1.0,1.0
1066,1067,은평구지부,5,1.0,1.0,1.0,1.0
1067,1068,은평구수어통역센터,5,1.0,1.0,1.0,1.0
1068,1069,은평구주민지원센터,5,1.0,1.0,1.0,1.0
1069,1070,종로구지부,5,1.0,1.0,1.0,1.0
1070,1071,종로구수어통역센터,5,1.0,1.0,1.0,1.0
1071,1072,종로구주민지원센터,5,1.0,1.0,1.0,1.0
1072,1073,중구지부,5,1.0,1.0,1.0,1.0
1073,1074,중구수어통역센터,5,1.0,1.0,1.0,1.0
1074,1075,중구주민지원센터,5,1.0,1.0,1.0,1.0
1075,1076,중랑구지부,5,1.0,1.0,1.0,1.0
1076,1077,중랑구수어통역센터,5,1.0,1.0,1.0,1.0
1077,1078,중랑구주민지원센터,5,1.0,1.0,1.0,1.0
1078,1079,부산광역시농아인협회,5,1.0,1.0,1.0,1.0
1079,1080,금정구지부,5,1.0,1.0,1.0,1.0
1080,1081,금정구수어통역센터,5,1.0,1.0,1.0,1.0
1081,1082,금정구주민지원센터,5,1.0,1.0,1.0,1.0
1082,1083,북구지부,5,1.0,1.0,1.0,1.0
1083,1084,북구수어통역센터,5,1.0,1.0,1.0,1.0
1084,1085,북구주민지원센터,5,1.0,1.0,1.0,1.0
1085,1086,사하구지부,5,1.0,1.0,1.0,1.0
1086,1087,사하구수어통역센터,5,1.0,1.0,1.0,1.0
1087,1088,사하구주민지원센터,5,1.0,1.0,1.0,1.0
1088,1089,서구지부,5,1.0,1.0,1.0,1.0
1089,1090,서구수어통역센터,5,1.0,1.0,1.0,1.0
1090,1091,서구주민지원센터,5,1.0,1.0,1.0,1.0
1091,1092,수영구지부,5,1.0,1.0,1.0,1.0
1092,1093,수영구수어통역센터,5,1.0,1.0,1.0,1.0
1093,1094,수영구주민지원센터,5,1.0,1.0,1.0,1.0
1094,1095,어쩔 수 없다,5,1.0,1.0,1.0,1.0
1095,1096,모르다,5,0.8,1.0,0.8,0.888888888888889
1096,1097,불가능,5,0.8,1.0,0.8,0.888888888888889
1097,1098,대구광역시농아인협회,5,1.0,1.0,1.0,1.0
1098,1099,달서구지부,5,1.0,1.0,1.0,1.0
1099,1100,달서구수어통역센터,5,1.0,1.0,1.0,1.0
1100,1101,가렵다,5,1.0,1.0,1.0,1.0
1101,1102,답답,5,1.0,1.0,1.0,1.0
1102,1103,설거지,5,1.0,1.0,1.0,1.0
1103,1104,남자,5,1.0,0.8333333333333334,1.0,0.9090909090909091
1104,1105,마음,5,1.0,0.8333333333333334,1.0,0.9090909090909091
1105,1106,잊다,5,0.8,1.0,0.8,0.888888888888889
1106,1107,충분,5,1.0,1.0,1.0,1.0
1107,1108,미남,5,0.8,1.0,0.8,0.888888888888889
1108,1109,한명,5,1.0,1.0,1.0,1.0
1109,1110,징그럽다,5,1.0,1.0,1.0,1.0
1110,1111,급하다,5,1.0,1.0,1.0,1.0
1111,1112,던지다,5,1.0,1.0,1.0,1.0
1112,1113,미녀,5,1.0,1.0,1.0,1.0
1113,1114,쌍둥이,5,1.0,1.0,1.0,1.0
1114,1115,건강,5,1.0,1.0,1.0,1.0
1115,1116,어리석다,5,1.0,1.0,1.0,1.0
1116,1117,나이,5,1.0,0.8333333333333334,1.0,0.9090909090909091
1117,1118,달래다,5,1.0,1.0,1.0,1.0
1118,1119,집중,5,1.0,0.8333333333333334,1.0,0.9090909090909091
1119,1120,자랑,5,1.0,1.0,1.0,1.0
1120,1121,흰,5,0.6,1.0,0.6,0.7499999999999999
1121,1122,기막히다,5,1.0,1.0,1.0,1.0
1122,1123,불안,5,1.0,1.0,1.0,1.0
1123,1124,밉다,5,1.0,1.0,1.0,1.0
1124,1125,자존심,5,1.0,1.0,1.0,1.0
1125,1126,배려,5,1.0,1.0,1.0,1.0
1126,1127,기분,5,1.0,1.0,1.0,1.0
1127,1128,당황,5,1.0,1.0,1.0,1.0
1128,1129,검사,5,1.0,1.0,1.0,1.0
1129,1130,원하다,5,1.0,1.0,1.0,1.0
1130,1131,미치다,5,1.0,1.0,1.0,1.0
1131,1132,처녀,5,1.0,1.0,1.0,1.0
1132,1133,잘하다,5,1.0,1.0,1.0,1.0
1133,1134,무섭다,5,1.0,1.0,1.0,1.0
1134,1135,빠르다,5,0.8,1.0,0.8,0.888888888888889
1135,1136,예민,5,1.0,1.0,1.0,1.0
1136,1137,기술,5,1.0,1.0,1.0,1.0
1137,1138,눕다,5,1.0,1.0,1.0,1.0
1138,1139,믿다,5,1.0,1.0,1.0,1.0
1139,1140,즐겁다,5,1.0,0.8333333333333334,1.0,0.9090909090909091
1140,1141,살인,5,0.8,0.8,0.8,0.8000000000000002
1141,1142,마지막,5,1.0,1.0,1.0,1.0
1142,1143,듣다,5,1.0,0.625,1.0,0.7692307692307693
1143,1144,생각,5,1.0,1.0,1.0,1.0
1144,1145,예쁘다,5,1.0,1.0,1.0,1.0
1145,1146,인상,5,1.0,1.0,1.0,1.0
1146,1147,팔,5,1.0,1.0,1.0,1.0
1147,1148,서다,5,0.0,0.0,0.0,0.0
1148,1149,오다,5,1.0,1.0,1.0,1.0
1149,1150,적극,5,1.0,1.0,1.0,1.0
1150,1151,섭섭하다,5,1.0,1.0,1.0,1.0
1151,1152,아프다,5,0.8,1.0,0.8,0.888888888888889
1152,1153,오줌,5,1.0,1.0,1.0,1.0
1153,1154,깨끗하다,5,1.0,1.0,1.0,1.0
1154,1155,못생기다,5,0.8,1.0,0.8,0.888888888888889
1155,1156,나쁘다,5,1.0,1.0,1.0,1.0
1156,1157,나,5,1.0,0.8333333333333334,1.0,0.9090909090909091
1157,1158,피곤하다,5,0.8,1.0,0.8,0.888888888888889
1158,1159,한숨,5,1.0,1.0,1.0,1.0
1159,1160,때리다,5,1.0,0.7142857142857143,1.0,0.8333333333333333
1160,1161,성격,5,1.0,1.0,1.0,1.0
1161,1162,등산,5,1.0,0.8333333333333334,1.0,0.9090909090909091
1162,1163,젊다,5,1.0,1.0,1.0,1.0
1163,1164,창백,5,1.0,1.0,1.0,1.0
1164,1165,자유,5,1.0,1.0,1.0,1.0
1165,1166,종아리맞다,5,1.0,1.0,1.0,1.0
1166,1167,성급,5,0.8,1.0,0.8,0.888888888888889
1167,1168,바르다,5,1.0,0.8333333333333334,1.0,0.9090909090909091
1168,1169,행복,5,1.0,1.0,1.0,1.0
1169,1170,깨물다,5,0.8,0.5714285714285714,0.8,0.6666666666666666
1170,1171,떨다,5,1.0,0.7142857142857143,1.0,0.8333333333333333
1171,1172,때문,5,0.8,1.0,0.8,0.888888888888889
1172,1173,평안,5,1.0,0.8333333333333334,1.0,0.9090909090909091
1173,1174,맞다,5,1.0,1.0,1.0,1.0
1174,1175,챔피언,5,1.0,1.0,1.0,1.0
1175,1176,안다,5,1.0,1.0,1.0,1.0
1176,1177,솔직,5,1.0,1.0,1.0,1.0
1177,1178,꼬마,5,1.0,0.8333333333333334,1.0,0.9090909090909091
1178,1179,바보,5,1.0,1.0,1.0,1.0
1179,1180,비율,5,1.0,1.0,1.0,1.0
1180,1181,혀,5,1.0,1.0,1.0,1.0
1181,1182,의자,5,1.0,1.0,1.0,1.0
1182,1183,열심,5,1.0,1.0,1.0,1.0
1183,1184,뚱뚱하다,5,1.0,1.0,1.0,1.0
1184,1185,알다,5,1.0,1.0,1.0,1.0
1185,1186,조심,5,1.0,0.8333333333333334,1.0,0.9090909090909091
1186,1187,꿇다,5,0.6,1.0,0.6,0.7499999999999999
1187,1188,차분,5,1.0,0.8333333333333334,1.0,0.9090909090909091
1188,1189,아기,5,1.0,1.0,1.0,1.0
1189,1190,방법,5,1.0,1.0,1.0,1.0
1190,1191,좋다,5,1.0,1.0,1.0,1.0
1191,1192,두배,5,0.8,1.0,0.8,0.888888888888889
1192,1193,중요,5,1.0,1.0,1.0,1.0
1193,1194,알다,5,1.0,1.0,1.0,1.0
1194,1195,실망,5,1.0,1.0,1.0,1.0
1195,1196,의미,5,1.0,0.8333333333333334,1.0,0.9090909090909091
1196,1197,배고프다,5,1.0,1.0,1.0,1.0
1197,1198,욕심,5,1.0,1.0,1.0,1.0
1198,1199,훌륭,5,0.6,1.0,0.6,0.7499999999999999
1199,1200,배부르다,5,1.0,1.0,1.0,1.0
1200,1201,죄송,5,1.0,1.0,1.0,1.0
1201,1202,추억,5,1.0,1.0,1.0,1.0
1202,1203,변덕,5,1.0,1.0,1.0,1.0
1203,1204,친구,5,1.0,1.0,1.0,1.0
1204,1205,우습다,5,1.0,1.0,1.0,1.0
1205,1206,똑똑하다,5,1.0,1.0,1.0,1.0
1206,1207,이해,5,1.0,1.0,1.0,1.0
1207,1208,애매하다,5,1.0,1.0,1.0,1.0
1208,1209,흔들리다,5,1.0,1.0,1.0,1.0
1209,1210,얼굴,5,1.0,1.0,1.0,1.0
1210,1211,어렵다,5,1.0,1.0,1.0,1.0
1211,1212,지겹다,5,1.0,1.0,1.0,1.0
1212,1213,낳다,5,1.0,0.8333333333333334,1.0,0.9090909090909091
1213,1214,망설이다,5,1.0,1.0,1.0,1.0
1214,1215,창피,5,1.0,1.0,1.0,1.0
1215,1216,친하다,5,1.0,1.0,1.0,1.0
1216,1217,희망,5,1.0,1.0,1.0,1.0
1217,1218,하산,5,0.8,1.0,0.8,0.888888888888889
1218,1219,냄새맡다,5,1.0,1.0,1.0,1.0
1219,1220,부럽다,5,0.6,0.75,0.6,0.6666666666666665
1220,1221,행동,5,1.0,1.0,1.0,1.0
1221,1222,힘들다,5,1.0,1.0,1.0,1.0
1222,1223,매력,5,0.6,1.0,0.6,0.7499999999999999
1223,1224,웃다,5,0.6,1.0,0.6,0.7499999999999999
1224,1225,전문,5,1.0,0.8333333333333334,1.0,0.9090909090909091
1225,1226,손,5,1.0,1.0,1.0,1.0
1226,1227,너그럽다,5,1.0,1.0,1.0,1.0
1227,1228,유식,5,1.0,0.8333333333333334,1.0,0.9090909090909091
1228,1229,쓰러지다,5,1.0,1.0,1.0,1.0
1229,1230,질투,5,1.0,1.0,1.0,1.0
1230,1231,나누다,5,1.0,1.0,1.0,1.0
1231,1232,쉽다,5,1.0,0.625,1.0,0.7692307692307693
1232,1233,평가,5,1.0,1.0,1.0,1.0
1233,1234,의심,5,1.0,1.0,1.0,1.0
1234,1235,코,5,0.8,0.4444444444444444,0.8,0.5714285714285714
1235,1236,화나다,5,1.0,0.5555555555555556,1.0,0.7142857142857143
1236,1237,이것,5,0.8,0.5714285714285714,0.8,0.6666666666666666
1237,1238,짓밟다,5,1.0,1.0,1.0,1.0
1238,1239,콧물,5,1.0,1.0,1.0,1.0
1239,1240,놀라다,5,1.0,1.0,1.0,1.0
1240,1241,머리카락,5,1.0,1.0,1.0,1.0
1241,1242,사람,5,1.0,1.0,1.0,1.0
1242,1243,우유,5,1.0,1.0,1.0,1.0
1243,1244,졸리다,5,1.0,1.0,1.0,1.0
1244,1245,잠자다,5,1.0,1.0,1.0,1.0
1245,1246,뺨맞다,5,1.0,0.7142857142857143,1.0,0.8333333333333333
1246,1247,이상,5,1.0,0.8333333333333334,1.0,0.9090909090909091
1247,1248,춥다,5,1.0,1.0,1.0,1.0
1248,1249,머리,5,1.0,1.0,1.0,1.0
1249,1250,몰리다,5,1.0,1.0,1.0,1.0
1250,1251,우울,5,0.6,1.0,0.6,0.7499999999999999
1251,1252,후회,5,1.0,1.0,1.0,1.0
1252,1253,몸,5,1.0,1.0,1.0,1.0
1253,1254,두근거리다,5,1.0,1.0,1.0,1.0
1254,1255,짜증,5,1.0,1.0,1.0,1.0
1255,1256,인격,5,1.0,1.0,1.0,1.0
1256,1257,착각,5,1.0,1.0,1.0,1.0
1257,1258,훑어보다,5,1.0,1.0,1.0,1.0
1258,1259,느낌,5,1.0,1.0,1.0,1.0
1259,1260,빨리,5,1.0,1.0,1.0,1.0
1260,1261,참다,5,0.2,1.0,0.2,0.33333333333333337
1261,1262,턱,5,0.6,1.0,0.6,0.7499999999999999
1262,1263,늙다,5,0.8,1.0,0.8,0.888888888888889
1263,1264,소극적,5,1.0,0.7142857142857143,1.0,0.8333333333333333
1264,1265,털,5,1.0,1.0,1.0,1.0
1265,1266,까다롭다,5,1.0,1.0,1.0,1.0
1266,1267,책임,5,1.0,1.0,1.0,1.0
1267,1268,기름,5,1.0,1.0,1.0,1.0
1268,1269,못하다,5,1.0,1.0,1.0,1.0
1269,1270,엉덩이,5,0.8,0.5,0.8,0.6153846153846154
1270,1271,부드럽다,5,0.8,1.0,0.8,0.888888888888889
1271,1272,뽀뽀,5,1.0,1.0,1.0,1.0
1272,1273,일어나다,5,1.0,1.0,1.0,1.0
1273,1274,달리다,5,1.0,1.0,1.0,1.0
1274,1275,여자,5,1.0,1.0,1.0,1.0
1275,1276,임신,5,1.0,1.0,1.0,1.0
1276,1277,무식,5,1.0,1.0,1.0,1.0
1277,1278,싫다,5,0.8,1.0,0.8,0.888888888888889
1278,1279,입,5,1.0,1.0,1.0,1.0
1279,1280,총각,5,1.0,1.0,1.0,1.0
1280,1281,날씬,5,1.0,1.0,1.0,1.0
1281,1282,가능,5,0.0,0.0,0.0,0.0
1282,1283,사라지다,5,1.0,1.0,1.0,1.0
1283,1284,야단치다,5,1.0,1.0,1.0,1.0
1284,1285,재산,5,1.0,1.0,1.0,1.0
1285,1286,다행,5,1.0,1.0,1.0,1.0
1286,1287,갈등,5,1.0,1.0,1.0,1.0
1287,1288,기대,5,0.8,0.8,0.8,0.8000000000000002
1288,1289,감동,5,1.0,1.0,1.0,1.0
1289,1290,감사,5,1.0,1.0,1.0,1.0
1290,1291,무리,5,1.0,1.0,1.0,1.0
1291,1292,초대,5,1.0,1.0,1.0,1.0
1292,1293,거만,5,1.0,1.0,1.0,1.0
1293,1294,걱정,5,1.0,1.0,1.0,1.0
1294,1295,걷다,5,0.8,0.8,0.8,0.8000000000000002
1295,1296,게으르다,5,1.0,1.0,1.0,1.0
1296,1297,겨드랑이,5,1.0,1.0,1.0,1.0
1297,1298,결심,5,1.0,0.7142857142857143,1.0,0.8333333333333333
1298,1299,겸손,5,0.6,1.0,0.6,0.7499999999999999
1299,1300,무시,5,1.0,1.0,1.0,1.0
1300,1301,시원하다,5,1.0,1.0,1.0,1.0
1301,1302,남자,5,0.4,1.0,0.4,0.5714285714285715
1302,1303,기억,5,1.0,1.0,1.0,1.0
1303,1304,부족,5,1.0,1.0,1.0,1.0
1304,1305,두명,5,1.0,1.0,1.0,1.0
1305,1306,세명,5,1.0,1.0,1.0,1.0
1306,1307,네명,5,1.0,1.0,1.0,1.0
1307,1308,다섯명,5,1.0,1.0,1.0,1.0
1308,1309,여섯명,5,1.0,1.0,1.0,1.0
1309,1310,일곱명,5,1.0,0.625,1.0,0.7692307692307693
1310,1311,여덟명,5,0.4,1.0,0.4,0.5714285714285715
1311,1312,아홉명,5,1.0,1.0,1.0,1.0
1312,1313,열명,5,1.0,1.0,1.0,1.0
1313,1314,귀엽다,5,1.0,0.5555555555555556,1.0,0.7142857142857143
1314,1315,안타깝다,5,0.2,1.0,0.2,0.33333333333333337
1315,1316,인터체인지,5,1.0,1.0,1.0,1.0
1316,1317,세쌍둥이,5,1.0,1.0,1.0,1.0
1317,1318,네쌍둥이,5,1.0,0.8333333333333334,1.0,0.9090909090909091
1318,1319,달래다,5,1.0,0.8333333333333334,1.0,0.9090909090909091
1319,1320,집중,5,1.0,1.0,1.0,1.0
1320,1321,검정,5,0.8,1.0,0.8,0.888888888888889
1321,1322,빨강,5,1.0,0.8333333333333334,1.0,0.9090909090909091
1322,1323,노랑,5,0.6,1.0,0.6,0.7499999999999999
1323,1324,초록,5,1.0,0.7142857142857143,1.0,0.8333333333333333
1324,1325,파랑,5,0.6,1.0,0.6,0.7499999999999999
1325,1326,충혈,5,1.0,1.0,1.0,1.0
1326,1327,갈색,5,1.0,1.0,1.0,1.0
1327,1328,무지개,5,1.0,1.0,1.0,1.0
1328,1329,분홍,5,1.0,1.0,1.0,1.0
1329,1330,회색,5,1.0,1.0,1.0,1.0
1330,1331,차량번호판,5,1.0,1.0,1.0,1.0
1331,1332,밉다,5,1.0,1.0,1.0,1.0
1332,1333,밉다,5,1.0,1.0,1.0,1.0
1333,1334,배려,5,1.0,1.0,1.0,1.0
1334,1335,배려,5,0.8,1.0,0.8,0.888888888888889
1335,1336,잘못하다,5,1.0,1.0,1.0,1.0
1336,1337,느리다,5,1.0,1.0,1.0,1.0
1337,1338,무덤덤,5,1.0,1.0,1.0,1.0
1338,1339,불신,5,1.0,1.0,1.0,1.0
1339,1340,전자기기,5,1.0,1.0,1.0,1.0
1340,1341,살인,5,1.0,1.0,1.0,1.0
1341,1342,왼쪽,5,1.0,1.0,1.0,1.0
1342,1343,오른쪽,5,1.0,1.0,1.0,1.0
1343,1344,서다,5,0.6,0.75,0.6,0.6666666666666665
1344,1345,가다,5,1.0,1.0,1.0,1.0
1345,1346,귀찮다,5,0.8,1.0,0.8,0.888888888888889
1346,1347,귀찮다,5,1.0,1.0,1.0,1.0
1347,1348,대략,5,1.0,0.5,1.0,0.6666666666666666
1348,1349,간단하다,5,1.0,1.0,1.0,1.0
1349,1350,사기,5,1.0,1.0,1.0,1.0
1350,1351,너,5,0.4,1.0,0.4,0.5714285714285715
1351,1352,저,5,1.0,1.0,1.0,1.0
1352,1353,당신,5,1.0,0.7142857142857143,1.0,0.8333333333333333
1353,1354,너희,5,1.0,1.0,1.0,1.0
1354,1355,째려보다,5,1.0,1.0,1.0,1.0
1355,1356,냄새,5,1.0,1.0,1.0,1.0
1356,1357,때리다,5,1.0,1.0,1.0,1.0
1357,1358,떨다,5,1.0,1.0,1.0,1.0
1358,1359,틀리다,5,1.0,1.0,1.0,1.0
1359,1360,뚱뚱하다,5,1.0,1.0,1.0,1.0
1360,1361,뚱뚱하다,5,1.0,1.0,1.0,1.0
1361,1362,세배,5,1.0,0.8333333333333334,1.0,0.9090909090909091
1362,1363,네배,5,1.0,0.5555555555555556,1.0,0.7142857142857143
1363,1364,다섯배,5,1.0,1.0,1.0,1.0
1364,1365,여섯배,5,1.0,1.0,1.0,1.0
1365,1366,일곱배,5,1.0,1.0,1.0,1.0
1366,1367,여덟배,5,0.8,1.0,0.8,0.888888888888889
1367,1368,아홉배,5,0.2,1.0,0.2,0.33333333333333337
1368,1369,열배,5,1.0,1.0,1.0,1.0
1369,1370,귀,5,0.6,0.6,0.6,0.6
1370,1371,눈썹,5,1.0,1.0,1.0,1.0
1371,1372,눈,5,1.0,0.8333333333333334,1.0,0.9090909090909091
1372,1373,치아,5,1.0,1.0,1.0,1.0
1373,1374,이마,5,1.0,1.0,1.0,1.0
1374,1375,볼,5,0.2,0.5,0.2,0.28571428571428575
1375,1376,목,5,1.0,1.0,1.0,1.0
1376,1377,자다,5,1.0,1.0,1.0,1.0
1377,1378,자다,5,1.0,1.0,1.0,1.0
1378,1379,일어나다,5,1.0,1.0,1.0,1.0
1379,1380,때리다,5,1.0,1.0,1.0,1.0
1380,1381,괜찮다,5,1.0,1.0,1.0,1.0
1381,1382,덥다,5,1.0,1.0,1.0,1.0
1382,1383,따뜻하다,5,1.0,1.0,1.0,1.0
1383,1384,없다,5,1.0,1.0,1.0,1.0
1384,1385,싫다,5,1.0,1.0,1.0,1.0
1385,1386,몸,5,1.0,1.0,1.0,1.0
1386,1387,초대,5,1.0,0.5555555555555556,1.0,0.7142857142857143
1387,1388,초대,5,0.2,1.0,0.2,0.33333333333333337
1388,1389,걷다,5,0.6,0.5,0.6,0.5454545454545454
1389,1390,걷다,5,1.0,0.7142857142857143,1.0,0.8333333333333333
1390,1391,걷다,5,0.8,1.0,0.8,0.888888888888889
1391,1392,걷다,5,0.2,1.0,0.2,0.33333333333333337
1392,1393,걷다,5,1.0,0.8333333333333334,1.0,0.9090909090909091
1393,1394,여자,5,1.0,1.0,1.0,1.0
1394,1395,야단치다,5,1.0,1.0,1.0,1.0
1395,1396,야단치다,5,1.0,1.0,1.0,1.0
1396,1397,째려보다,5,1.0,1.0,1.0,1.0
1397,1398,전문,5,1.0,1.0,1.0,1.0
1398,1399,미소,5,1.0,1.0,1.0,1.0
1399,1400,남녀,5,1.0,1.0,1.0,1.0
1400,1401,남녀,5,1.0,1.0,1.0,1.0
1401,1402,충무로,5,1.0,1.0,1.0,1.0
1402,1403,종각,5,1.0,0.8333333333333334,1.0,0.9090909090909091
1403,1404,천호,5,1.0,1.0,1.0,1.0
1404,1405,이화여자대학교,5,1.0,1.0,1.0,1.0
1405,1406,종로3가,5,1.0,1.0,1.0,1.0
1406,1407,종로5가,5,1.0,1.0,1.0,1.0
1407,1408,을지로,5,1.0,1.0,1.0,1.0
1408,1409,을지로3가,5,1.0,1.0,1.0,1.0
1409,1410,을지로4가,5,1.0,1.0,1.0,1.0
1410,1411,강남,5,1.0,1.0,1.0,1.0
1411,1412,삼성,5,1.0,1.0,1.0,1.0
1412,1413,강남구청,5,1.0,1.0,1.0,1.0
1413,1414,강북,5,1.0,1.0,1.0,1.0
1414,1415,강서,5,1.0,1.0,1.0,1.0
1415,1416,까치산,5,1.0,1.0,1.0,1.0
1416,1417,발산,5,1.0,1.0,1.0,1.0
1417,1418,김포,5,1.0,1.0,1.0,1.0
1418,1419,양천,5,1.0,1.0,1.0,1.0
1419,1420,공항시장,5,1.0,1.0,1.0,1.0
1420,1421,관악,5,1.0,1.0,1.0,1.0
1421,1422,서울대학교,5,1.0,1.0,1.0,1.0
1422,1423,아차산,5,1.0,1.0,1.0,1.0
1423,1424,어린이대공원,5,1.0,1.0,1.0,1.0
1424,1425,금천,5,1.0,1.0,1.0,1.0
1425,1426,독산,5,1.0,1.0,1.0,1.0
1426,1427,금천구청,5,1.0,1.0,1.0,1.0
1427,1428,노원,5,1.0,1.0,1.0,1.0
1428,1429,도봉산,5,0.4,1.0,0.4,0.5714285714285715
1429,1430,청량리,5,1.0,1.0,1.0,1.0
1430,1431,동대문,5,1.0,1.0,1.0,1.0
1431,1432,동작,5,1.0,1.0,1.0,1.0
1432,1433,노량진,5,1.0,1.0,1.0,1.0
1433,1434,마포,5,1.0,1.0,1.0,1.0
1434,1435,홍익대학교,5,1.0,1.0,1.0,1.0
1435,1436,서대문,5,1.0,1.0,1.0,1.0
1436,1437,고속터미널,5,1.0,1.0,1.0,1.0
1437,1438,남부터미널,5,1.0,1.0,1.0,1.0
1438,1439,성동,5,1.0,1.0,1.0,1.0
1439,1440,왕십리,5,1.0,1.0,1.0,1.0
1440,1441,서울숲,5,1.0,1.0,1.0,1.0
1441,1442,성북,5,1.0,1.0,1.0,1.0
1442,1443,고려대학교,5,1.0,1.0,1.0,1.0
1443,1444,송파,5,1.0,1.0,1.0,1.0
1444,1445,종합운동장,5,1.0,1.0,1.0,1.0
1445,1446,잠실,5,1.0,1.0,1.0,1.0
1446,1447,잠실,5,0.8,0.6666666666666666,0.8,0.7272727272727272
1447,1448,올림픽공원,5,1.0,1.0,1.0,1.0
1448,1449,영등포,5,1.0,1.0,1.0,1.0
1449,1450,영등포시장,5,1.0,1.0,1.0,1.0
1450,1451,여의도,5,1.0,1.0,1.0,1.0
1451,1452,용산,5,1.0,1.0,1.0,1.0
1452,1453,신용산,5,1.0,1.0,1.0,1.0
1453,1454,이태원,5,1.0,1.0,1.0,1.0
1454,1455,광화문,5,1.0,1.0,1.0,1.0
1455,1456,시청,5,1.0,1.0,1.0,1.0
1456,1457,남대문시장,5,1.0,1.0,1.0,1.0
1457,1458,명동,5,1.0,1.0,1.0,1.0
1458,1459,광주,5,1.0,1.0,1.0,1.0
1459,1460,구리,5,1.0,1.0,1.0,1.0
1460,1461,분당,5,1.0,1.0,1.0,1.0
1461,1462,남양주,5,0.8,1.0,0.8,0.888888888888889
1462,1463,성남,5,1.0,1.0,1.0,1.0
1463,1464,하남,5,1.0,1.0,1.0,1.0
1464,1465,과천,5,1.0,1.0,1.0,1.0
1465,1466,서울대공원,5,1.0,1.0,1.0,1.0
1466,1467,광명,5,1.0,1.0,1.0,1.0
1467,1468,군포,5,1.0,1.0,1.0,1.0
1468,1469,부천,5,1.0,1.0,1.0,1.0
1469,1470,시흥,5,1.0,1.0,1.0,1.0
1470,1471,양평,5,1.0,1.0,1.0,1.0
1471,1472,안산,5,1.0,1.0,1.0,1.0
1472,1473,안양,5,1.0,1.0,1.0,1.0
1473,1474,안양대학교,5,1.0,1.0,1.0,1.0
1474,1475,수원,5,1.0,1.0,1.0,1.0
1475,1476,안성,5,1.0,1.0,1.0,1.0
1476,1477,중앙대학교,5,1.0,1.0,1.0,1.0
1477,1478,용인,5,1.0,1.0,1.0,1.0
1478,1479,강남대학교,5,1.0,1.0,1.0,1.0
1479,1480,에버랜드,5,1.0,1.0,1.0,1.0
1480,1481,용인대학교,5,1.0,1.0,1.0,1.0
1481,1482,한국민속촌,5,1.0,1.0,1.0,1.0
1482,1483,이천,5,1.0,1.0,1.0,1.0
1483,1484,평택,5,0.8,0.8,0.8,0.8000000000000002
1484,1485,화성,5,1.0,1.0,1.0,1.0
1485,1486,고양,5,1.0,1.0,1.0,1.0
1486,1487,동두천,5,0.8,1.0,0.8,0.888888888888889
1487,1488,양주,5,1.0,1.0,1.0,1.0
1488,1489,연천,5,1.0,0.7142857142857143,1.0,0.8333333333333333
1489,1490,파주,5,1.0,1.0,1.0,1.0
1490,1491,포천,5,1.0,1.0,1.0,1.0
1491,1492,가족,5,1.0,1.0,1.0,1.0
1492,1493,전염,5,1.0,1.0,1.0,1.0
1493,1494,운전면허갱신,5,1.0,1.0,1.0,1.0
1494,1495,차량점검,5,1.0,1.0,1.0,1.0
1495,1496,병원,5,1.0,1.0,1.0,1.0
1496,1497,결혼,5,1.0,0.5,1.0,0.6666666666666666
1497,1498,경주,5,1.0,1.0,1.0,1.0
1498,1499,이모,5,1.0,1.0,1.0,1.0
1499,1500,고모,5,1.0,0.8333333333333334,1.0,0.9090909090909091
1500,1501,운전면허,5,1.0,1.0,1.0,1.0
1501,1502,골키퍼,5,1.0,1.0,1.0,1.0
1502,1503,구경,5,1.0,1.0,1.0,1.0
1503,1504,성토,5,1.0,1.0,1.0,1.0
1504,1505,권투,5,0.8,1.0,0.8,0.888888888888889
1505,1506,그립다,5,1.0,1.0,1.0,1.0
1506,1507,키우다,5,1.0,1.0,1.0,1.0
1507,1508,힘,5,1.0,1.0,1.0,1.0
1508,1509,망가지다,5,1.0,1.0,1.0,1.0
1509,1510,꿈,5,1.0,1.0,1.0,1.0
1510,1511,낚시,5,1.0,1.0,1.0,1.0
1511,1512,남매,5,1.0,1.0,1.0,1.0
1512,1513,운전면허정지,5,0.8,1.0,0.8,0.888888888888889
1513,1514,노래,5,1.0,1.0,1.0,1.0
1514,1515,놀다,5,1.0,0.5,1.0,0.6666666666666666
1515,1516,누나,5,1.0,1.0,1.0,1.0
1516,1517,울보,5,1.0,1.0,1.0,1.0
1517,1518,여동생,5,1.0,1.0,1.0,1.0
1518,1519,상처,5,1.0,1.0,1.0,1.0
1519,1520,견제하다,5,1.0,1.0,1.0,1.0
1520,1521,견문,5,1.0,1.0,1.0,1.0
1521,1522,딸,5,1.0,1.0,1.0,1.0
1522,1523,유도,5,1.0,1.0,1.0,1.0
1523,1524,아내,5,1.0,1.0,1.0,1.0
1524,1525,마라톤,5,1.0,1.0,1.0,1.0
1525,1526,장녀,5,1.0,1.0,1.0,1.0
1526,1527,원한,5,1.0,1.0,1.0,1.0
1527,1528,엄마,5,1.0,1.0,1.0,1.0
1528,1529,썩다,5,1.0,1.0,1.0,1.0
1529,1530,바쁘다,5,1.0,1.0,1.0,1.0
1530,1531,남편,5,0.8,1.0,0.8,0.888888888888889
1531,1532,버릇,5,1.0,1.0,1.0,1.0
1532,1533,병,5,1.0,0.8333333333333334,1.0,0.9090909090909091
1533,1534,밥,5,1.0,1.0,1.0,1.0
1534,1535,부부,5,0.0,0.0,0.0,0.0
1535,1536,붓다,5,1.0,1.0,1.0,1.0
1536,1537,빗,5,1.0,1.0,1.0,1.0
1537,1538,죽다,5,1.0,1.0,1.0,1.0
1538,1539,사진기,5,1.0,1.0,1.0,1.0
1539,1540,생활,5,1.0,1.0,1.0,1.0
1540,1541,성공,5,1.0,1.0,1.0,1.0
1541,1542,자라다,5,1.0,1.0,1.0,1.0
1542,1543,세수,5,1.0,0.8333333333333334,1.0,0.9090909090909091
1543,1544,자다,5,1.0,1.0,1.0,1.0
1544,1545,수영,5,1.0,1.0,1.0,1.0
1545,1546,승부차기,5,1.0,1.0,1.0,1.0
1546,1547,시아버지,5,1.0,1.0,1.0,1.0
1547,1548,망신,5,1.0,1.0,1.0,1.0
1548,1549,시집,5,1.0,1.0,1.0,1.0
1549,1550,뚫다,5,1.0,0.8333333333333334,1.0,0.9090909090909091
1550,1551,면박,5,1.0,1.0,1.0,1.0
1551,1552,야구,5,1.0,1.0,1.0,1.0
1552,1553,똑똑하다,5,0.0,0.0,0.0,0.0
1553,1554,피곤,5,1.0,0.8333333333333334,1.0,0.9090909090909091
1554,1555,양치,5,0.8,1.0,0.8,0.888888888888889
1555,1556,오빠,5,1.0,1.0,1.0,1.0
1556,1557,출장,5,1.0,0.8333333333333334,1.0,0.9090909090909091
1557,1558,이사,5,1.0,1.0,1.0,1.0
1558,1559,들추어내다,5,1.0,1.0,1.0,1.0
1559,1560,아들딸,5,1.0,1.0,1.0,1.0
1560,1561,자살,5,1.0,1.0,1.0,1.0
1561,1562,8번째,5,1.0,1.0,1.0,1.0
1562,1563,맏형,5,1.0,1.0,1.0,1.0
1563,1564,테니스,5,1.0,1.0,1.0,1.0
1564,1565,할머니,5,1.0,1.0,1.0,1.0
1565,1566,할아버지,5,1.0,1.0,1.0,1.0
1566,1567,조상,5,1.0,1.0,1.0,1.0
1567,1568,조카,5,1.0,1.0,1.0,1.0
1568,1569,중독,5,1.0,1.0,1.0,1.0
1569,1570,연기,5,1.0,1.0,1.0,1.0
1570,1571,치매,5,1.0,1.0,1.0,1.0
1571,1572,탈,5,1.0,0.5555555555555556,1.0,0.7142857142857143
1572,1573,흩어지다,5,1.0,1.0,1.0,1.0
1573,1574,형,5,1.0,0.8333333333333334,1.0,0.9090909090909091
1574,1575,사별,5,1.0,1.0,1.0,1.0
1575,1576,환자,5,1.0,1.0,1.0,1.0
1576,1577,시작,5,1.0,1.0,1.0,1.0
1577,1578,밖,5,1.0,1.0,1.0,1.0
1578,1579,먹칠하다,5,1.0,1.0,1.0,1.0
1579,1580,견습,5,1.0,1.0,1.0,1.0
1580,1581,시험,5,1.0,1.0,1.0,1.0
1581,1582,고백,5,0.8,1.0,0.8,0.888888888888889
1582,1583,째려보다,5,0.8,1.0,0.8,0.888888888888889
1583,1584,관계,5,1.0,1.0,1.0,1.0
1584,1585,논란,5,0.0,0.0,0.0,0.0
1585,1586,교제,5,1.0,1.0,1.0,1.0
1586,1587,구걸,5,1.0,1.0,1.0,1.0
1587,1588,구조,5,1.0,1.0,1.0,1.0
1588,1589,부탁,5,1.0,1.0,1.0,1.0
1589,1590,글,5,1.0,1.0,1.0,1.0
1590,1591,대기,5,1.0,1.0,1.0,1.0
1591,1592,회사,5,1.0,1.0,1.0,1.0
1592,1593,기차,5,1.0,1.0,1.0,1.0
1593,1594,거슬리다,5,1.0,1.0,1.0,1.0
1594,1595,단어,5,1.0,1.0,1.0,1.0
1595,1596,심부름,5,1.0,1.0,1.0,1.0
1596,1597,상담,5,1.0,1.0,1.0,1.0
1597,1598,뻔뻔,5,1.0,1.0,1.0,1.0
1598,1599,다리,5,1.0,1.0,1.0,1.0
1599,1600,창피하다,5,1.0,1.0,1.0,1.0
1600,1601,달서구주민지원센터,5,1.0,1.0,1.0,1.0
1601,1602,동구지부,5,0.4,1.0,0.4,0.5714285714285715
1602,1603,동구수어통역센터,5,0.0,0.0,0.0,0.0
1603,1604,동구주민지원센터,5,1.0,1.0,1.0,1.0
1604,1605,수성구지부,5,1.0,1.0,1.0,1.0
1605,1606,수성구수어통역센터,5,1.0,1.0,1.0,1.0
1606,1607,수성구주민지원센터,5,1.0,1.0,1.0,1.0
1607,1608,인천광역시농아인협회,5,1.0,1.0,1.0,1.0
1608,1609,강화군지부,5,1.0,0.8333333333333334,1.0,0.9090909090909091
1609,1610,강화군수어통역센터,5,1.0,1.0,1.0,1.0
1610,1611,강화군주민지원센터,5,1.0,1.0,1.0,1.0
1611,1612,연수구지부,5,1.0,0.8333333333333334,1.0,0.9090909090909091
1612,1613,연수구수어통역센터,5,1.0,1.0,1.0,1.0
1613,1614,연수구주민지원센터,5,1.0,1.0,1.0,1.0
1614,1615,대전농아인협회,5,1.0,1.0,1.0,1.0
1615,1616,대덕구지부,5,1.0,1.0,1.0,1.0
1616,1617,대덕수어통역센터,5,1.0,1.0,1.0,1.0
1617,1618,대덕구주민지원센터,5,1.0,1.0,1.0,1.0
1618,1619,서구지부,5,1.0,1.0,1.0,1.0
1619,1620,서구수어통역센터,5,1.0,1.0,1.0,1.0
1620,1621,서구주민지원센터,5,1.0,1.0,1.0,1.0
1621,1622,유성구지부,5,0.8,1.0,0.8,0.888888888888889
1622,1623,유성구수어통역센터,5,1.0,1.0,1.0,1.0
1623,1624,유성구주민지원센터,5,1.0,1.0,1.0,1.0
1624,1625,중구지부,5,1.0,1.0,1.0,1.0
1625,1626,중구수어통역센터,5,1.0,1.0,1.0,1.0
1626,1627,중구주민지원센터,5,1.0,1.0,1.0,1.0
1627,1628,광주광역시농아인협회,5,1.0,1.0,1.0,1.0
1628,1629,광산구지부,5,1.0,1.0,1.0,1.0
1629,1630,광산구수어통역센터,5,1.0,1.0,1.0,1.0
1630,1631,광산구주민지원센터,5,1.0,1.0,1.0,1.0
1631,1632,남구지부,5,1.0,1.0,1.0,1.0
1632,1633,남구수어통역센터,5,1.0,1.0,1.0,1.0
1633,1634,남구주민지원센터,5,1.0,1.0,1.0,1.0
1634,1635,관계없다,5,1.0,1.0,1.0,1.0
1635,1636,상관없다,5,1.0,1.0,1.0,1.0
1636,1637,없다,5,1.0,1.0,1.0,1.0
1637,1638,울산광역시농아인협회,5,1.0,1.0,1.0,1.0
1638,1639,세종특별자치시농아인협회,5,1.0,1.0,1.0,1.0
1639,1640,경기농아인협회,5,1.0,1.0,1.0,1.0
1640,1641,가평군지부,5,1.0,1.0,1.0,1.0
1641,1642,가평군수어통역센터,5,1.0,1.0,1.0,1.0
1642,1643,가평군주민지원센터,5,1.0,1.0,1.0,1.0
1643,1644,고양시지부,5,1.0,1.0,1.0,1.0
1644,1645,고양시수어통역센터,5,1.0,1.0,1.0,1.0
1645,1646,고양시청,5,1.0,1.0,1.0,1.0
1646,1647,과천시지부,5,1.0,1.0,1.0,1.0
1647,1648,과천시수어통역센터,5,1.0,1.0,1.0,1.0
1648,1649,과천시청,5,1.0,1.0,1.0,1.0
1649,1650,광명시지부,5,1.0,1.0,1.0,1.0
1650,1651,광명시수어통역센터,5,1.0,1.0,1.0,1.0
1651,1652,광명시청,5,1.0,1.0,1.0,1.0
1652,1653,광주시지부,5,1.0,1.0,1.0,1.0
1653,1654,광주시수어통역센터,5,1.0,1.0,1.0,1.0
1654,1655,광주시청,5,1.0,1.0,1.0,1.0
1655,1656,구리시지부,5,1.0,1.0,1.0,1.0
1656,1657,구리시수어통역센터,5,1.0,1.0,1.0,1.0
1657,1658,구리시청,5,1.0,1.0,1.0,1.0
1658,1659,군포시지부,5,0.8,1.0,0.8,0.888888888888889
1659,1660,군포시수어통역센터,5,1.0,1.0,1.0,1.0
1660,1661,군포시청,5,1.0,1.0,1.0,1.0
1661,1662,김포시지부,5,1.0,1.0,1.0,1.0
1662,1663,김포시수어통역센터,5,1.0,1.0,1.0,1.0
1663,1664,김포시청,5,1.0,1.0,1.0,1.0
1664,1665,남양주시지부,5,1.0,1.0,1.0,1.0
1665,1666,남양주시수어통역센터,5,1.0,1.0,1.0,1.0
1666,1667,남양주시청,5,1.0,1.0,1.0,1.0
1667,1668,동두천시지부,5,1.0,0.8333333333333334,1.0,0.9090909090909091
1668,1669,동두천시수어통역센터,5,1.0,1.0,1.0,1.0
1669,1670,동두천시청,5,1.0,1.0,1.0,1.0
1670,1671,부천시지부,5,1.0,1.0,1.0,1.0
1671,1672,부천시수어통역센터,5,1.0,1.0,1.0,1.0
1672,1673,부천시청,5,1.0,1.0,1.0,1.0
1673,1674,성남시지부,5,0.8,1.0,0.8,0.888888888888889
1674,1675,성남시수어통역센터,5,1.0,1.0,1.0,1.0
1675,1676,성남시청,5,1.0,1.0,1.0,1.0
1676,1677,안성시지부,5,1.0,1.0,1.0,1.0
1677,1678,안성시수어통역센터,5,1.0,1.0,1.0,1.0
1678,1679,안성시청,5,1.0,1.0,1.0,1.0
1679,1680,안양시지부,5,1.0,1.0,1.0,1.0
1680,1681,안양시수어통역센터,5,1.0,1.0,1.0,1.0
1681,1682,안양시청,5,1.0,1.0,1.0,1.0
1682,1683,양주시지부,5,1.0,1.0,1.0,1.0
1683,1684,양주시수어통역센터,5,1.0,1.0,1.0,1.0
1684,1685,양주시청,5,1.0,1.0,1.0,1.0
1685,1686,양평군지부,5,1.0,1.0,1.0,1.0
1686,1687,양평군수어통역센터,5,1.0,1.0,1.0,1.0
1687,1688,양평군주민지원센터,5,1.0,1.0,1.0,1.0
1688,1689,여주시지부,5,1.0,1.0,1.0,1.0
1689,1690,여주시수어통역센터,5,1.0,1.0,1.0,1.0
1690,1691,여주시청,5,1.0,1.0,1.0,1.0
1691,1692,연천군지부,5,1.0,1.0,1.0,1.0
1692,1693,연천군수어통역센터,5,1.0,1.0,1.0,1.0
1693,1694,연천군주민지원센터,5,1.0,1.0,1.0,1.0
1694,1695,오산시지부,5,1.0,1.0,1.0,1.0
1695,1696,오산시수어통역센터,5,1.0,1.0,1.0,1.0
1696,1697,오산시시청,5,1.0,1.0,1.0,1.0
1697,1698,용인시지부,5,1.0,1.0,1.0,1.0
1698,1699,용인시수어통역센터,5,1.0,1.0,1.0,1.0
1699,1700,용인시청,5,1.0,1.0,1.0,1.0
1700,1701,의왕시지부,5,1.0,1.0,1.0,1.0
1701,1702,의왕시수어통역센터,5,1.0,1.0,1.0,1.0
1702,1703,의왕시청,5,1.0,1.0,1.0,1.0
1703,1704,의정부시지부,5,1.0,1.0,1.0,1.0
1704,1705,의정부시수어통역센터,5,1.0,1.0,1.0,1.0
1705,1706,의정부시청,5,1.0,1.0,1.0,1.0
1706,1707,이천시지부,5,1.0,1.0,1.0,1.0
1707,1708,이천시수어통역센터,5,1.0,1.0,1.0,1.0
1708,1709,이천시청,5,1.0,1.0,1.0,1.0
1709,1710,파주시지부,5,1.0,1.0,1.0,1.0
1710,1711,파주시수어통역센터,5,1.0,1.0,1.0,1.0
1711,1712,파주시청,5,1.0,1.0,1.0,1.0
1712,1713,평택시지부,5,1.0,1.0,1.0,1.0
1713,1714,평택시수어통역센터,5,1.0,1.0,1.0,1.0
1714,1715,평택시청,5,1.0,1.0,1.0,1.0
1715,1716,포천시지부,5,1.0,1.0,1.0,1.0
1716,1717,포천시수어통역센터,5,1.0,1.0,1.0,1.0
1717,1718,포천시청,5,1.0,1.0,1.0,1.0
1718,1719,하남시지부,5,1.0,1.0,1.0,1.0
1719,1720,하남시수어통역센터,5,1.0,0.7142857142857143,1.0,0.8333333333333333
1720,1721,하남시청,5,1.0,1.0,1.0,1.0
1721,1722,화성시지부,5,1.0,1.0,1.0,1.0
1722,1723,화성시수어통역센터,5,1.0,1.0,1.0,1.0
1723,1724,화성시청,5,1.0,1.0,1.0,1.0
1724,1725,강원도농아인협회,5,1.0,1.0,1.0,1.0
1725,1726,강릉시지부,5,0.8,1.0,0.8,0.888888888888889
1726,1727,강릉시수어통역센터,5,1.0,1.0,1.0,1.0
1727,1728,강릉시청,5,1.0,1.0,1.0,1.0
1728,1729,고성지부,5,1.0,1.0,1.0,1.0
1729,1730,고성시수어통역센터,5,1.0,1.0,1.0,1.0
1730,1731,재미없다,5,1.0,1.0,1.0,1.0
1731,1732,동해시지부,5,1.0,1.0,1.0,1.0
1732,1733,동해시수어통역센터,5,1.0,1.0,1.0,1.0
1733,1734,동해시청,5,1.0,1.0,1.0,1.0
1734,1735,삼척시지부,5,1.0,1.0,1.0,1.0
1735,1736,삼척시수어통역센터,5,1.0,1.0,1.0,1.0
1736,1737,삼척시청,5,1.0,1.0,1.0,1.0
1737,1738,속초시지부,5,1.0,1.0,1.0,1.0
1738,1739,속초시수어통역센터,5,1.0,1.0,1.0,1.0
1739,1740,속초시청,5,1.0,1.0,1.0,1.0
1740,1741,양양군지부,5,1.0,1.0,1.0,1.0
1741,1742,양양군수어통역센터,5,1.0,1.0,1.0,1.0
1742,1743,양양군주민지원센터,5,1.0,1.0,1.0,1.0
1743,1744,영월군지부,5,1.0,1.0,1.0,1.0
1744,1745,영월군수어통역센터,5,1.0,1.0,1.0,1.0
1745,1746,영월군주민지원센터,5,1.0,1.0,1.0,1.0
1746,1747,원주시지부,5,1.0,1.0,1.0,1.0
1747,1748,원주시수어통역센터,5,1.0,1.0,1.0,1.0
1748,1749,원주시청,5,1.0,1.0,1.0,1.0
1749,1750,비다,5,1.0,1.0,1.0,1.0
1750,1751,솜씨없다,5,1.0,0.625,1.0,0.7692307692307693
1751,1752,무소유,5,1.0,1.0,1.0,1.0
1752,1753,철원군지부,5,1.0,1.0,1.0,1.0
1753,1754,철원군수어통역센터,5,0.8,1.0,0.8,0.888888888888889
1754,1755,철원군주민지원센터,5,1.0,1.0,1.0,1.0
1755,1756,춘천시지부,5,1.0,1.0,1.0,1.0
1756,1757,춘천시수어통역센터,5,1.0,1.0,1.0,1.0
1757,1758,춘천시청,5,1.0,1.0,1.0,1.0
1758,1759,더디다,5,1.0,1.0,1.0,1.0
1759,1760,한눈팔다,5,1.0,1.0,1.0,1.0
1760,1761,건성,5,1.0,1.0,1.0,1.0
1761,1762,평창지부,5,1.0,1.0,1.0,1.0
1762,1763,평창군수어통역센터,5,1.0,1.0,1.0,1.0
1763,1764,평창군주민지원센터,5,1.0,1.0,1.0,1.0
1764,1765,홍천군지부,5,1.0,1.0,1.0,1.0
1765,1766,홍천군수어통역센터,5,1.0,1.0,1.0,1.0
1766,1767,홍천군주민지원센터,5,1.0,1.0,1.0,1.0
1767,1768,화천군지부,5,1.0,1.0,1.0,1.0
1768,1769,화천군수어통역센터,5,1.0,1.0,1.0,1.0
1769,1770,화천군주민지원센터,5,1.0,1.0,1.0,1.0
1770,1771,횡성군지부,5,1.0,1.0,1.0,1.0
1771,1772,횡성군수어통역센터,5,1.0,1.0,1.0,1.0
1772,1773,횡성군주민지원센터,5,1.0,1.0,1.0,1.0
1773,1774,충북농아인협회,5,1.0,1.0,1.0,1.0
1774,1775,괴산군지부,5,1.0,1.0,1.0,1.0
1775,1776,괴산군수어통역센터,5,1.0,1.0,1.0,1.0
1776,1777,괴산군주민지원센터,5,1.0,1.0,1.0,1.0
1777,1778,단양군지부,5,1.0,1.0,1.0,1.0
1778,1779,단양군수어통역센터,5,1.0,1.0,1.0,1.0
1779,1780,단양군주민지원센터,5,1.0,1.0,1.0,1.0
1780,1781,보은군지부,5,0.6,0.75,0.6,0.6666666666666665
1781,1782,보은군수어통역센터,5,0.6,1.0,0.6,0.7499999999999999
1782,1783,보은군주민지원센터,5,0.8,0.5714285714285714,0.8,0.6666666666666666
1783,1784,영동군지부,5,1.0,1.0,1.0,1.0
1784,1785,영동군수어통역센터,5,1.0,1.0,1.0,1.0
1785,1786,영동군주민지원센터,5,1.0,1.0,1.0,1.0
1786,1787,옥천군지부,5,1.0,1.0,1.0,1.0
1787,1788,옥천군수어통역센터,5,1.0,1.0,1.0,1.0
1788,1789,옥천군주민지원센터,5,1.0,1.0,1.0,1.0
1789,1790,제천시지부,5,1.0,1.0,1.0,1.0
1790,1791,제천시수어통역센터,5,1.0,1.0,1.0,1.0
1791,1792,제천시청,5,1.0,1.0,1.0,1.0
1792,1793,진천군지부,5,1.0,1.0,1.0,1.0
1793,1794,진천군수어통역센터,5,1.0,1.0,1.0,1.0
1794,1795,진천군주민지원센터,5,1.0,1.0,1.0,1.0
1795,1796,청주시지부,5,1.0,1.0,1.0,1.0
1796,1797,청주시수어통역센터,5,1.0,1.0,1.0,1.0
1797,1798,청주시청,5,1.0,1.0,1.0,1.0
1798,1799,충주시지부,5,1.0,1.0,1.0,1.0
1799,1800,충주시수어통역센터,5,1.0,1.0,1.0,1.0
1800,1801,충주시청,5,1.0,1.0,1.0,1.0
1801,1802,충남농아인협회,5,1.0,1.0,1.0,1.0
1802,1803,천안시지부,5,1.0,1.0,1.0,1.0
1803,1804,천안시수어통역센터,5,1.0,1.0,1.0,1.0
1804,1805,천안시청,5,1.0,1.0,1.0,1.0
1805,1806,공주시지부,5,1.0,0.7142857142857143,1.0,0.8333333333333333
1806,1807,공주시수어통역센터,5,1.0,0.8333333333333334,1.0,0.9090909090909091
1807,1808,공주시청,5,1.0,0.8333333333333334,1.0,0.9090909090909091
1808,1809,9번째,5,1.0,0.5,1.0,0.6666666666666666
1809,1810,10번째,5,1.0,0.5,1.0,0.6666666666666666
1810,1811,12번째,5,0.8,0.4444444444444444,0.8,0.5714285714285714
1811,1812,논산시지부,5,1.0,1.0,1.0,1.0
1812,1813,논산시수어통역센터,5,1.0,1.0,1.0,1.0
1813,1814,논산시청,5,1.0,1.0,1.0,1.0
1814,1815,당진시지부,5,0.6,1.0,0.6,0.7499999999999999
1815,1816,당진시수어통역센터,5,1.0,1.0,1.0,1.0
1816,1817,당진시청,5,0.8,1.0,0.8,0.888888888888889
1817,1818,보령시지부,5,1.0,1.0,1.0,1.0
1818,1819,보령시수어통역센터,5,1.0,1.0,1.0,1.0
1819,1820,보령시청,5,1.0,1.0,1.0,1.0
1820,1821,부여군지부,5,1.0,1.0,1.0,1.0
1821,1822,부여군수어통역센터,5,1.0,1.0,1.0,1.0
1822,1823,부여군주민지원센터,5,1.0,1.0,1.0,1.0
1823,1824,서산시지부,5,1.0,1.0,1.0,1.0
1824,1825,서산시수어통역센터,5,1.0,1.0,1.0,1.0
1825,1826,서산시청,5,1.0,1.0,1.0,1.0
1826,1827,서천군지부,5,1.0,1.0,1.0,1.0
1827,1828,서천군수어통역센터,5,1.0,1.0,1.0,1.0
1828,1829,서천군주민지원센터,5,1.0,1.0,1.0,1.0
1829,1830,아산시지부,5,1.0,1.0,1.0,1.0
1830,1831,아산시수어통역센터,5,1.0,1.0,1.0,1.0
1831,1832,아산시청,5,1.0,1.0,1.0,1.0
1832,1833,예산군지부,5,1.0,1.0,1.0,1.0
1833,1834,예산군수어통역센터,5,1.0,1.0,1.0,1.0
1834,1835,예산군주민지원센터,5,1.0,1.0,1.0,1.0
1835,1836,청양군지부,5,1.0,1.0,1.0,1.0
1836,1837,청양군수어통역센터,5,1.0,1.0,1.0,1.0
1837,1838,청양군주민지원센터,5,1.0,1.0,1.0,1.0
1838,1839,태안군지부,5,1.0,1.0,1.0,1.0
1839,1840,태안군수어통역센터,5,1.0,1.0,1.0,1.0
1840,1841,태안군주민지원센터,5,1.0,1.0,1.0,1.0
1841,1842,홍성군지부,5,1.0,1.0,1.0,1.0
1842,1843,홍성군수어통역센터,5,1.0,1.0,1.0,1.0
1843,1844,홍성군주민지원센터,5,1.0,1.0,1.0,1.0
1844,1845,전북농아인협회,5,1.0,1.0,1.0,1.0
1845,1846,고창군지부,5,1.0,1.0,1.0,1.0
1846,1847,고창군수어통역센터,5,1.0,1.0,1.0,1.0
1847,1848,고창군주민지원센터,5,1.0,1.0,1.0,1.0
1848,1849,군산시지부,5,1.0,0.8333333333333334,1.0,0.9090909090909091
1849,1850,군산시수어통역센터,5,1.0,0.8333333333333334,1.0,0.9090909090909091
1850,1851,군산시청,5,1.0,0.8333333333333334,1.0,0.9090909090909091
1851,1852,김제시지부,5,1.0,1.0,1.0,1.0
1852,1853,김제시수어통역센터,5,1.0,0.8333333333333334,1.0,0.9090909090909091
1853,1854,김제시청,5,1.0,1.0,1.0,1.0
1854,1855,남원시지부,5,1.0,1.0,1.0,1.0
1855,1856,남원시수어통역센터,5,1.0,0.8333333333333334,1.0,0.9090909090909091
1856,1857,남원시청,5,1.0,0.8333333333333334,1.0,0.9090909090909091
1857,1858,무주군지부,5,1.0,1.0,1.0,1.0
1858,1859,무주군수어통역센터,5,1.0,1.0,1.0,1.0
1859,1860,무주군주민지원센터,5,1.0,1.0,1.0,1.0
1860,1861,부안군지부,5,1.0,1.0,1.0,1.0
1861,1862,부안군수어통역센터,5,1.0,1.0,1.0,1.0
1862,1863,부안군주민지원센터,5,1.0,1.0,1.0,1.0
1863,1864,순창군지부,5,1.0,1.0,1.0,1.0
1864,1865,순창군수어통역센터,5,1.0,1.0,1.0,1.0
1865,1866,순창군주민지원센터,5,1.0,1.0,1.0,1.0
1866,1867,완주군지부,5,1.0,1.0,1.0,1.0
1867,1868,완주군수어통역센터,5,1.0,1.0,1.0,1.0
1868,1869,완주군주민지원센터,5,1.0,1.0,1.0,1.0
1869,1870,익산시지부,5,1.0,1.0,1.0,1.0
1870,1871,익산시수어통역센터,5,1.0,1.0,1.0,1.0
1871,1872,익산시청,5,1.0,1.0,1.0,1.0
1872,1873,임실군지부,5,1.0,1.0,1.0,1.0
1873,1874,임실군수어통역센터,5,1.0,1.0,1.0,1.0
1874,1875,임실군주민지원센터,5,1.0,1.0,1.0,1.0
1875,1876,빈털터리,5,1.0,1.0,1.0,1.0
1876,1877,평가하다,5,1.0,1.0,1.0,1.0
1877,1878,불가능,5,1.0,1.0,1.0,1.0
1878,1879,전주시지부,5,0.6,1.0,0.6,0.7499999999999999
1879,1880,전주시수어통역센터,5,0.8,1.0,0.8,0.888888888888889
1880,1881,전주시청,5,0.8,1.0,0.8,0.888888888888889
1881,1882,전남농아인협회,5,1.0,1.0,1.0,1.0
1882,1883,강진군지부,5,1.0,1.0,1.0,1.0
1883,1884,강진군수어통역센터,5,1.0,1.0,1.0,1.0
1884,1885,강진군주민지원센터,5,1.0,1.0,1.0,1.0
1885,1886,고흥군지부,5,1.0,1.0,1.0,1.0
1886,1887,고흥군수어통역센터,5,1.0,1.0,1.0,1.0
1887,1888,고흥군주민지원센터,5,1.0,1.0,1.0,1.0
1888,1889,곡성군지부,5,1.0,1.0,1.0,1.0
1889,1890,곡성군수어통역센터,5,1.0,1.0,1.0,1.0
1890,1891,곡성군주민지원센터,5,1.0,1.0,1.0,1.0
1891,1892,광양군지부,5,1.0,1.0,1.0,1.0
1892,1893,광양군수어통역센터,5,1.0,1.0,1.0,1.0
1893,1894,광양군주민지원센터,5,1.0,1.0,1.0,1.0
1894,1895,나주시지부,5,1.0,1.0,1.0,1.0
1895,1896,나주시수어통역센터,5,1.0,1.0,1.0,1.0
1896,1897,나주시청,5,1.0,1.0,1.0,1.0
1897,1898,목포시지부,5,1.0,1.0,1.0,1.0
1898,1899,목포시수어통역센터,5,1.0,1.0,1.0,1.0
1899,1900,목포시청,5,1.0,1.0,1.0,1.0
1900,1901,무안군지부,5,1.0,1.0,1.0,1.0
1901,1902,무안군수어통역센터,5,1.0,1.0,1.0,1.0
1902,1903,무안군주민지원센터,5,1.0,1.0,1.0,1.0
1903,1904,보성군지부,5,0.8,0.6666666666666666,0.8,0.7272727272727272
1904,1905,보성군수어통역센터,5,1.0,0.7142857142857143,1.0,0.8333333333333333
1905,1906,보성군주민지원센터,5,0.4,0.6666666666666666,0.4,0.5
1906,1907,순천시지부,5,1.0,1.0,1.0,1.0
1907,1908,순천시수어통역센터,5,1.0,1.0,1.0,1.0
1908,1909,순천시청,5,1.0,1.0,1.0,1.0
1909,1910,신안군지부,5,1.0,1.0,1.0,1.0
1910,1911,신안군수어통역센터,5,1.0,1.0,1.0,1.0
1911,1912,신안군주민지원센터,5,1.0,1.0,1.0,1.0
1912,1913,여수시지부,5,1.0,1.0,1.0,1.0
1913,1914,여수시수어통역센터,5,1.0,1.0,1.0,1.0
1914,1915,여수시청,5,1.0,1.0,1.0,1.0
1915,1916,영광군지부,5,1.0,1.0,1.0,1.0
1916,1917,영광군수어통역센터,5,1.0,1.0,1.0,1.0
1917,1918,영광군주민지원센터,5,1.0,1.0,1.0,1.0
1918,1919,영암군지부,5,1.0,1.0,1.0,1.0
1919,1920,영암군수어통역센터,5,1.0,1.0,1.0,1.0
1920,1921,영암군주민지원센터,5,1.0,1.0,1.0,1.0
1921,1922,불필요,5,1.0,1.0,1.0,1.0
1922,1923,하는수없다,5,1.0,1.0,1.0,1.0
1923,1924,맛없다,5,1.0,1.0,1.0,1.0
1924,1925,장흥군지부,5,1.0,1.0,1.0,1.0
1925,1926,장흥군수어통역센터,5,1.0,1.0,1.0,1.0
1926,1927,장흥군주민지원센터,5,1.0,1.0,1.0,1.0
1927,1928,진도군지부,5,1.0,1.0,1.0,1.0
1928,1929,진도군수어통역센터,5,1.0,1.0,1.0,1.0
1929,1930,진도군주민지원센터,5,1.0,1.0,1.0,1.0
1930,1931,해남군지부,5,1.0,1.0,1.0,1.0
1931,1932,해남군수어통역센터,5,1.0,1.0,1.0,1.0
1932,1933,해남군주민지원센터,5,1.0,1.0,1.0,1.0
1933,1934,경북농아인협회,5,1.0,1.0,1.0,1.0
1934,1935,경산시지부,5,1.0,1.0,1.0,1.0
1935,1936,경산시수어통역센터,5,1.0,1.0,1.0,1.0
1936,1937,경산시청,5,1.0,1.0,1.0,1.0
1937,1938,경주시지부,5,1.0,1.0,1.0,1.0
1938,1939,경주시수어통역센터,5,1.0,1.0,1.0,1.0
1939,1940,경주시청,5,1.0,1.0,1.0,1.0
1940,1941,고령군지부,5,1.0,1.0,1.0,1.0
1941,1942,고령군수어통역센터,5,1.0,1.0,1.0,1.0
1942,1943,고령군주민지원센터,5,1.0,1.0,1.0,1.0
1943,1944,구미시지부,5,1.0,0.8333333333333334,1.0,0.9090909090909091
1944,1945,구미시수어통역센터,5,1.0,1.0,1.0,1.0
1945,1946,구미시청,5,1.0,1.0,1.0,1.0
1946,1947,군위군지부,5,1.0,1.0,1.0,1.0
1947,1948,군위군수어통역센터,5,1.0,1.0,1.0,1.0
1948,1949,군위주민지원센터,5,1.0,1.0,1.0,1.0
1949,1950,김천시지부,5,0.8,1.0,0.8,0.888888888888889
1950,1951,김천시수어통역센터,5,1.0,1.0,1.0,1.0
1951,1952,아하,5,1.0,1.0,1.0,1.0
1952,1953,문경시지부,5,1.0,1.0,1.0,1.0
1953,1954,문경시수어통역센터,5,1.0,1.0,1.0,1.0
1954,1955,문경시청,5,1.0,1.0,1.0,1.0
1955,1956,봉화군지부,5,1.0,0.8333333333333334,1.0,0.9090909090909091
1956,1957,봉화군수어통역센터,5,1.0,1.0,1.0,1.0
1957,1958,봉화군주민지원센터,5,1.0,1.0,1.0,1.0
1958,1959,상주시지부,5,1.0,0.7142857142857143,1.0,0.8333333333333333
1959,1960,상주시수어통역센터,5,1.0,1.0,1.0,1.0
1960,1961,상주시청,5,1.0,1.0,1.0,1.0
1961,1962,성주시지부,5,1.0,1.0,1.0,1.0
1962,1963,성주시수어통역센터,5,1.0,1.0,1.0,1.0
1963,1964,성주시청,5,1.0,1.0,1.0,1.0
1964,1965,안동시지부,5,1.0,0.5555555555555556,1.0,0.7142857142857143
1965,1966,안동시수어통역센터,5,1.0,0.5,1.0,0.6666666666666666
1966,1967,안동시청,5,1.0,1.0,1.0,1.0
1967,1968,영덕군지부,5,1.0,1.0,1.0,1.0
1968,1969,영덕군수어통역센터,5,1.0,1.0,1.0,1.0
1969,1970,영덕군주민지원센터,5,1.0,1.0,1.0,1.0
1970,1971,영양군지부,5,1.0,1.0,1.0,1.0
1971,1972,영양군수어통역센터,5,1.0,1.0,1.0,1.0
1972,1973,영양군주민지원센터,5,1.0,1.0,1.0,1.0
1973,1974,영주시지부,5,1.0,1.0,1.0,1.0
1974,1975,영주시수어통역센터,5,1.0,1.0,1.0,1.0
1975,1976,영주시청,5,1.0,1.0,1.0,1.0
1976,1977,영천시지부,5,1.0,1.0,1.0,1.0
1977,1978,영천시수어통역센터,5,1.0,1.0,1.0,1.0
1978,1979,영천시청,5,1.0,1.0,1.0,1.0
1979,1980,예천군지부,5,0.8,1.0,0.8,0.888888888888889
1980,1981,예천군수어통역센터,5,1.0,1.0,1.0,1.0
1981,1982,예천군주민지원센터,5,1.0,1.0,1.0,1.0
1982,1983,울릉군지부,5,1.0,1.0,1.0,1.0
1983,1984,울릉군수어통역센터,5,1.0,1.0,1.0,1.0
1984,1985,울릉군주민지원센터,5,1.0,1.0,1.0,1.0
1985,1986,울진군지부,5,1.0,1.0,1.0,1.0
1986,1987,울진군수어통역센터,5,1.0,1.0,1.0,1.0
1987,1988,울진군주민지원센터,5,1.0,1.0,1.0,1.0
1988,1989,의성군지부,5,1.0,1.0,1.0,1.0
1989,1990,의성군수어통역센터,5,1.0,1.0,1.0,1.0
1990,1991,의성군주민지원센터,5,1.0,1.0,1.0,1.0
1991,1992,청도군지부,5,1.0,1.0,1.0,1.0
1992,1993,청도군수어통역센터,5,1.0,1.0,1.0,1.0
1993,1994,청도군주민지원센터,5,1.0,1.0,1.0,1.0
1994,1995,청송군지부,5,1.0,1.0,1.0,1.0
1995,1996,청송군수어통역센터,5,1.0,1.0,1.0,1.0
1996,1997,청송군주민지원센터,5,1.0,1.0,1.0,1.0
1997,1998,칠곡군지부,5,1.0,1.0,1.0,1.0
1998,1999,칠곡군수어통역센터,5,1.0,1.0,1.0,1.0
1999,2000,칠곡군주민지원센터,5,1.0,1.0,1.0,1.0
2000,2001,금시초문,5,1.0,1.0,1.0,1.0
2001,2002,중도포기,5,1.0,1.0,1.0,1.0
2002,2003,지식인,5,1.0,1.0,1.0,1.0
2003,2004,충격,5,1.0,1.0,1.0,1.0
2004,2005,아기,5,1.0,1.0,1.0,1.0
2005,2006,며느리,5,1.0,1.0,1.0,1.0
2006,2007,중독,5,1.0,1.0,1.0,1.0
2007,2008,피해자,5,1.0,1.0,1.0,1.0
2008,2009,사고력,5,1.0,1.0,1.0,1.0
2009,2010,아름답다,5,1.0,1.0,1.0,1.0
2010,2011,거만,5,1.0,1.0,1.0,1.0
2011,2012,반드시,5,1.0,1.0,1.0,1.0
2012,2013,한국인,5,1.0,1.0,1.0,1.0
2013,2014,사별,5,1.0,1.0,1.0,1.0
2014,2015,안색,5,1.0,1.0,1.0,1.0
2015,2016,어른,5,1.0,1.0,1.0,1.0
2016,2017,외동딸,5,1.0,1.0,1.0,1.0
2017,2018,외아들,5,0.8,1.0,0.8,0.888888888888889
2018,2019,뛰어나다,5,1.0,1.0,1.0,1.0
2019,2020,조용하다,5,1.0,1.0,1.0,1.0
2020,2021,존경하다,5,1.0,1.0,1.0,1.0
2021,2022,집요,5,1.0,1.0,1.0,1.0
2022,2023,청년,5,1.0,1.0,1.0,1.0
2023,2024,청소년,5,1.0,1.0,1.0,1.0
2024,2025,타인,5,0.8,1.0,0.8,0.888888888888889
2025,2026,기민하다,5,1.0,1.0,1.0,1.0
2026,2027,기지,5,1.0,1.0,1.0,1.0
2027,2028,잔소리,5,0.6,1.0,0.6,0.7499999999999999
2028,2029,무산,5,1.0,1.0,1.0,1.0
2029,2030,무념무상,5,1.0,1.0,1.0,1.0
2030,2031,추측,5,1.0,1.0,1.0,1.0
2031,2032,노인,5,1.0,1.0,1.0,1.0
2032,2033,파헤치다,5,1.0,1.0,1.0,1.0
2033,2034,지혜,5,1.0,1.0,1.0,1.0
2034,2035,신문,5,0.8,0.8,0.8,0.8000000000000002
2035,2036,목마르다,5,1.0,1.0,1.0,1.0
2036,2037,이력,5,1.0,1.0,1.0,1.0
2037,2038,알아서,5,1.0,1.0,1.0,1.0
2038,2039,몸무게,5,1.0,1.0,1.0,1.0
2039,2040,일반인,5,1.0,1.0,1.0,1.0
2040,2041,책임자,5,1.0,1.0,1.0,1.0
2041,2042,특기,5,1.0,1.0,1.0,1.0
2042,2043,발각,5,1.0,1.0,1.0,1.0
2043,2044,성냥불,5,1.0,1.0,1.0,1.0
2044,2045,구분,5,1.0,1.0,1.0,1.0
2045,2046,결심,5,0.4,1.0,0.4,0.5714285714285715
2046,2047,간,5,1.0,1.0,1.0,1.0
2047,2048,걸음걸이,5,1.0,1.0,1.0,1.0
2048,2049,결심,5,0.8,1.0,0.8,0.888888888888889
2049,2050,계획,5,1.0,1.0,1.0,1.0
2050,2051,일부러,5,1.0,1.0,1.0,1.0
2051,2052,고인,5,1.0,1.0,1.0,1.0
2052,2053,동의,5,1.0,1.0,1.0,1.0
2053,2054,상상,5,1.0,1.0,1.0,1.0
2054,2055,새파래지다,5,1.0,1.0,1.0,1.0
2055,2056,예민,5,1.0,1.0,1.0,1.0
2056,2057,관광,5,1.0,1.0,1.0,1.0
2057,2058,태만,5,1.0,1.0,1.0,1.0
2058,2059,귀엽다,5,1.0,1.0,1.0,1.0
2059,2060,긍정적,5,1.0,1.0,1.0,1.0
2060,2061,뽐내다,5,1.0,1.0,1.0,1.0
2061,2062,기발,5,1.0,1.0,1.0,1.0
2062,2063,독특,5,1.0,1.0,1.0,1.0
2063,2064,여행자,5,1.0,1.0,1.0,1.0
2064,2065,노화,5,1.0,1.0,1.0,1.0
2065,2066,비상식적,5,1.0,1.0,1.0,1.0
2066,2067,가엾다,5,1.0,1.0,1.0,1.0
2067,2068,아둔하다,5,1.0,1.0,1.0,1.0
2068,2069,말솜씨,5,1.0,1.0,1.0,1.0
2069,2070,사색,5,1.0,1.0,1.0,1.0
2070,2071,판박이,5,1.0,1.0,1.0,1.0
2071,2072,체형,5,1.0,1.0,1.0,1.0
2072,2073,무기력,5,1.0,1.0,1.0,1.0
2073,2074,무분별,5,1.0,1.0,1.0,1.0
2074,2075,미성년,5,1.0,1.0,1.0,1.0
2075,2076,반성하다,5,1.0,1.0,1.0,1.0
2076,2077,변화,5,1.0,1.0,1.0,1.0
2077,2078,변천,5,1.0,1.0,1.0,1.0
2078,2079,본성,5,1.0,1.0,1.0,1.0
2079,2080,갑부,5,1.0,1.0,1.0,1.0
2080,2081,불성실,5,1.0,1.0,1.0,1.0
2081,2082,불신,5,1.0,1.0,1.0,1.0
2082,2083,불친절,5,1.0,1.0,1.0,1.0
2083,2084,사내,5,1.0,1.0,1.0,1.0
2084,2085,상상,5,1.0,1.0,1.0,1.0
2085,2086,성품,5,1.0,1.0,1.0,1.0
2086,2087,소외감,5,1.0,1.0,1.0,1.0
2087,2088,소지자,5,1.0,1.0,1.0,1.0
2088,2089,솜씨,5,1.0,1.0,1.0,1.0
2089,2090,솔직하다,5,1.0,1.0,1.0,1.0
2090,2091,허약자,5,1.0,1.0,1.0,1.0
2091,2092,실토,5,0.8,1.0,0.8,0.888888888888889
2092,2093,엉뚱,5,1.0,1.0,1.0,1.0
2093,2094,위인,5,1.0,1.0,1.0,1.0
2094,2095,예견,5,1.0,1.0,1.0,1.0
2095,2096,야망,5,1.0,1.0,1.0,1.0
2096,2097,얼굴형,5,1.0,1.0,1.0,1.0
2097,2098,울음소리,5,1.0,1.0,1.0,1.0
2098,2099,웃음소리,5,1.0,1.0,1.0,1.0
2099,2100,위,5,1.0,1.0,1.0,1.0
2100,2101,위인,5,1.0,1.0,1.0,1.0
2101,2102,욕망,5,1.0,1.0,1.0,1.0
2102,2103,의문,5,1.0,1.0,1.0,1.0
2103,2104,사욕,5,1.0,1.0,1.0,1.0
2104,2105,인성,5,1.0,1.0,1.0,1.0
2105,2106,인심,5,1.0,1.0,1.0,1.0
2106,2107,인체,5,1.0,1.0,1.0,1.0
2107,2108,가루약,5,1.0,1.0,1.0,1.0
2108,2109,기초체조,5,1.0,1.0,1.0,1.0
2109,2110,감염병,5,1.0,1.0,1.0,1.0
2110,2111,중병,5,1.0,1.0,1.0,1.0
2111,2112,선짓국,5,1.0,1.0,1.0,1.0
2112,2113,햅쌀,5,1.0,1.0,1.0,1.0
2113,2114,호떡,5,1.0,1.0,1.0,1.0
2114,2115,들키다,5,1.0,1.0,1.0,1.0
2115,2116,결혼식,5,1.0,1.0,1.0,1.0
2116,2117,잠기다,5,1.0,1.0,1.0,1.0
2117,2118,노고,5,1.0,1.0,1.0,1.0
2118,2119,공범,5,1.0,1.0,1.0,1.0
2119,2120,고조할아버지,5,1.0,1.0,1.0,1.0
2120,2121,난감하다,5,1.0,1.0,1.0,1.0
2121,2122,여리다,5,1.0,1.0,1.0,1.0
2122,2123,구화,5,1.0,1.0,1.0,1.0
2123,2124,노년기,5,1.0,1.0,1.0,1.0
2124,2125,노부모,5,1.0,1.0,1.0,1.0
2125,2126,매형,5,1.0,1.0,1.0,1.0
2126,2127,제부,5,1.0,1.0,1.0,1.0
2127,2128,수상,5,1.0,1.0,1.0,1.0
2128,2129,검술,5,0.8,0.5,0.8,0.6153846153846154
2129,2130,물놀이,5,1.0,1.0,1.0,1.0
2130,2131,물약,5,1.0,1.0,1.0,1.0
2131,2132,돌보다,5,1.0,1.0,1.0,1.0
2132,2133,생계,5,1.0,1.0,1.0,1.0
2133,2134,친모,5,1.0,1.0,1.0,1.0
2134,2135,친부,5,1.0,1.0,1.0,1.0
2135,2136,생일,5,1.0,1.0,1.0,1.0
2136,2137,작은엄마,5,1.0,1.0,1.0,1.0
2137,2138,작은아빠,5,1.0,1.0,1.0,1.0
2138,2139,의문,5,1.0,1.0,1.0,1.0
2139,2140,도련님,5,1.0,1.0,1.0,1.0
2140,2141,시어머니,5,1.0,1.0,1.0,1.0
2141,2142,아주버님,5,1.0,1.0,1.0,1.0
2142,2143,신부,5,1.0,1.0,1.0,1.0
2143,2144,신혼,5,1.0,1.0,1.0,1.0
2144,2145,약효,5,1.0,1.0,1.0,1.0
2145,2146,여드름,5,0.8,0.8,0.8,0.8000000000000002
2146,2147,염색,5,1.0,1.0,1.0,1.0
2147,2148,긴가민가,5,1.0,1.0,1.0,1.0
2148,2149,미심쩍다,5,1.0,1.0,1.0,1.0
2149,2150,의혹,5,1.0,1.0,1.0,1.0
2150,2151,외할머니,5,1.0,1.0,1.0,1.0
2151,2152,외할아버지,5,1.0,1.0,1.0,1.0
2152,2153,운동장,5,1.0,1.0,1.0,1.0
2153,2154,의혹,5,1.0,1.0,1.0,1.0
2154,2155,낙인,5,0.8,1.0,0.8,0.888888888888889
2155,2156,세뇌,5,1.0,1.0,1.0,1.0
2156,2157,작은할아버지,5,1.0,1.0,1.0,1.0
2157,2158,장난감,5,1.0,1.0,1.0,1.0
2158,2159,발인,5,1.0,1.0,1.0,1.0
2159,2160,장모,5,1.0,1.0,1.0,1.0
2160,2161,장인어른,5,1.0,1.0,1.0,1.0
2161,2162,처남,5,1.0,1.0,1.0,1.0
2162,2163,처형,5,1.0,1.0,1.0,1.0
2163,2164,알맞다,5,1.0,1.0,1.0,1.0
2164,2165,큰아버지,5,1.0,1.0,1.0,1.0
2165,2166,큰어머니,5,1.0,1.0,1.0,1.0
2166,2167,큰언니,5,1.0,1.0,1.0,1.0
2167,2168,큰형,5,1.0,1.0,1.0,1.0
2168,2169,강요,5,0.8,1.0,0.8,0.888888888888889
2169,2170,형수,5,0.8,1.0,0.8,0.888888888888889
2170,2171,환갑,5,1.0,1.0,1.0,1.0
2171,2172,회생,5,1.0,1.0,1.0,1.0
2172,2173,직인,5,1.0,1.0,1.0,1.0
2173,2174,용돈,5,1.0,1.0,1.0,1.0
2174,2175,공문,5,1.0,1.0,1.0,1.0
2175,2176,고리타분,5,1.0,1.0,1.0,1.0
2176,2177,공항,5,1.0,1.0,1.0,1.0
2177,2178,구조,5,1.0,1.0,1.0,1.0
2178,2179,월급,5,1.0,1.0,1.0,1.0
2179,2180,기술자,5,1.0,1.0,1.0,1.0
2180,2181,합심,5,1.0,1.0,1.0,1.0
2181,2182,반납,5,1.0,1.0,1.0,1.0
2182,2183,사무실,5,1.0,1.0,1.0,1.0
2183,2184,직원,5,1.0,1.0,1.0,1.0
2184,2185,사장,5,1.0,1.0,1.0,1.0
2185,2186,퇴사,5,0.2,1.0,0.2,0.33333333333333337
2186,2187,받다,5,1.0,0.8333333333333334,1.0,0.9090909090909091
2187,2188,책무,5,1.0,1.0,1.0,1.0
2188,2189,사업,5,1.0,1.0,1.0,1.0
2189,2190,운전자,5,1.0,1.0,1.0,1.0
2190,2191,일본어,5,1.0,1.0,1.0,1.0
2191,2192,일터,5,1.0,1.0,1.0,1.0
2192,2193,전근,5,1.0,1.0,1.0,1.0
2193,2194,경비,5,1.0,1.0,1.0,1.0
2194,2195,구인,5,0.6,1.0,0.6,0.7499999999999999
2195,2196,취업,5,1.0,1.0,1.0,1.0
2196,2197,문득,5,1.0,1.0,1.0,1.0
2197,2198,알려주다,5,1.0,1.0,1.0,1.0
2198,2199,한국어,5,1.0,1.0,1.0,1.0
2199,2200,한글,5,1.0,1.0,1.0,1.0
2200,2201,화가,5,1.0,1.0,1.0,1.0
2201,2202,망각,5,1.0,0.7142857142857143,1.0,0.8333333333333333
2202,2203,새털,5,1.0,1.0,1.0,1.0
2203,2204,물다,5,0.4,0.6666666666666666,0.4,0.5
2204,2205,잊어버리다,5,1.0,1.0,1.0,1.0
2205,2206,깜빡하다,5,1.0,1.0,1.0,1.0
2206,2207,돋보이다,5,1.0,1.0,1.0,1.0
2207,2208,들키다,5,1.0,1.0,1.0,1.0
2208,2209,빚더미,5,1.0,1.0,1.0,1.0
2209,2210,유구무언,5,1.0,1.0,1.0,1.0
2210,2211,욕구,5,1.0,1.0,1.0,1.0
2211,2212,재벌,5,1.0,1.0,1.0,1.0
2212,2213,일시불,5,1.0,1.0,1.0,1.0
2213,2214,벼락부자,5,1.0,1.0,1.0,1.0
2214,2215,궁하다,5,1.0,1.0,1.0,1.0
2215,2216,의욕,5,1.0,1.0,1.0,1.0
2216,2217,맥없다,5,1.0,1.0,1.0,1.0
2217,2218,탕진,5,0.8,1.0,0.8,0.888888888888889
2218,2219,맥없다,5,1.0,1.0,1.0,1.0
2219,2220,인색하다,5,1.0,1.0,1.0,1.0
2220,2221,인색하다,5,1.0,1.0,1.0,1.0
2221,2222,교섭,5,1.0,1.0,1.0,1.0
2222,2223,합의,5,1.0,1.0,1.0,1.0
2223,2224,맥없다,5,0.8,1.0,0.8,0.888888888888889
2224,2225,질색,5,1.0,1.0,1.0,1.0
2225,2226,거절,5,1.0,1.0,1.0,1.0
2226,2227,미진하다,5,1.0,1.0,1.0,1.0
2227,2228,표리부동,5,1.0,1.0,1.0,1.0
2228,2229,대물림,5,1.0,0.7142857142857143,1.0,0.8333333333333333
2229,2230,대물림,5,0.6,1.0,0.6,0.7499999999999999
2230,2231,변제,5,1.0,1.0,1.0,1.0
2231,2232,갑절,5,1.0,1.0,1.0,1.0
2232,2233,권력,5,1.0,1.0,1.0,1.0
2233,2234,착취,5,0.8,1.0,0.8,0.888888888888889
2234,2235,값비싸다,5,1.0,1.0,1.0,1.0
2235,2236,재량,5,1.0,0.8333333333333334,1.0,0.9090909090909091
2236,2237,재량,5,1.0,1.0,1.0,1.0
2237,2238,무자격,5,1.0,1.0,1.0,1.0
2238,2239,상상하다,5,1.0,1.0,1.0,1.0
2239,2240,헛수고,5,1.0,1.0,1.0,1.0
2240,2241,미달성,5,1.0,1.0,1.0,1.0
2241,2242,대박,5,1.0,1.0,1.0,1.0
2242,2243,분주하다,5,1.0,1.0,1.0,1.0
2243,2244,고수입,5,1.0,1.0,1.0,1.0
2244,2245,일확천금,5,1.0,1.0,1.0,1.0
2245,2246,근근이,5,0.8,1.0,0.8,0.888888888888889
2246,2247,근근이,5,1.0,1.0,1.0,1.0
2247,2248,혈안,5,1.0,1.0,1.0,1.0
2248,2249,계획적,5,1.0,1.0,1.0,1.0
2249,2250,폐업,5,1.0,0.7142857142857143,1.0,0.8333333333333333
2250,2251,폐업,5,1.0,1.0,1.0,1.0
2251,2252,폐업,5,1.0,1.0,1.0,1.0
2252,2253,조종하다,5,1.0,1.0,1.0,1.0
2253,2254,탕진,5,1.0,1.0,1.0,1.0
2254,2255,마지못하다,5,1.0,1.0,1.0,1.0
2255,2256,사교,5,1.0,1.0,1.0,1.0
2256,2257,물론,5,1.0,1.0,1.0,1.0
2257,2258,유명하다,5,1.0,1.0,1.0,1.0
2258,2259,무례,5,1.0,1.0,1.0,1.0
2259,2260,무례,5,1.0,1.0,1.0,1.0
2260,2261,역력하다,5,1.0,1.0,1.0,1.0
2261,2262,표리부동,5,1.0,1.0,1.0,1.0
2262,2263,비상식적,5,1.0,1.0,1.0,1.0
2263,2264,부합되다,5,1.0,0.8333333333333334,1.0,0.9090909090909091
2264,2265,매료되다,5,1.0,1.0,1.0,1.0
2265,2266,판박이,5,1.0,1.0,1.0,1.0
2266,2267,판박이,5,1.0,1.0,1.0,1.0
2267,2268,그렇다,5,1.0,1.0,1.0,1.0
2268,2269,등지다,5,1.0,1.0,1.0,1.0
2269,2270,무경험,5,1.0,1.0,1.0,1.0
2270,2271,끊다,5,1.0,1.0,1.0,1.0
2271,2272,기피하다,5,1.0,1.0,1.0,1.0
2272,2273,기피하다,5,1.0,1.0,1.0,1.0
2273,2274,아부,5,0.4,0.6666666666666666,0.4,0.5
2274,2275,아부,5,1.0,0.625,1.0,0.7692307692307693
2275,2276,아부,5,1.0,1.0,1.0,1.0
2276,2277,맹세,5,1.0,1.0,1.0,1.0
2277,2278,거만,5,1.0,1.0,1.0,1.0
2278,2279,가만히,5,1.0,1.0,1.0,1.0
2279,2280,유치하다,5,1.0,1.0,1.0,1.0
2280,2281,유치하다,5,1.0,1.0,1.0,1.0
2281,2282,결코,5,1.0,0.8333333333333334,1.0,0.9090909090909091
2282,2283,들러리,5,1.0,1.0,1.0,1.0
2283,2284,양자택일,5,1.0,1.0,1.0,1.0
2284,2285,어차피,5,1.0,1.0,1.0,1.0
2285,2286,양자택일,5,1.0,1.0,1.0,1.0
2286,2287,각오,5,1.0,1.0,1.0,1.0
2287,2288,위선자,5,1.0,1.0,1.0,1.0
2288,2289,이중인격,5,0.8,1.0,0.8,0.888888888888889
2289,2290,기회주의,5,1.0,1.0,1.0,1.0
2290,2291,이기주의,5,1.0,1.0,1.0,1.0
2291,2292,넘기다,5,1.0,1.0,1.0,1.0
2292,2293,거저먹다,5,1.0,1.0,1.0,1.0
2293,2294,험담,5,1.0,1.0,1.0,1.0
2294,2295,달변,5,1.0,1.0,1.0,1.0
2295,2296,달변,5,1.0,1.0,1.0,1.0
2296,2297,빈말,5,1.0,1.0,1.0,1.0
2297,2298,양다리,5,1.0,1.0,1.0,1.0
2298,2299,고질적,5,1.0,1.0,1.0,1.0
2299,2300,수다스럽다,5,1.0,1.0,1.0,1.0
2300,2301,함구,5,1.0,0.7142857142857143,1.0,0.8333333333333333
2301,2302,험담,5,1.0,0.7142857142857143,1.0,0.8333333333333333
2302,2303,파악하다,5,1.0,1.0,1.0,1.0
2303,2304,끊다,5,1.0,1.0,1.0,1.0
2304,2305,설득되다,5,1.0,1.0,1.0,1.0
2305,2306,불복종,5,1.0,1.0,1.0,1.0
2306,2307,막말,5,1.0,1.0,1.0,1.0
2307,2308,아첨,5,1.0,1.0,1.0,1.0
2308,2309,놀리다,5,1.0,1.0,1.0,1.0
2309,2310,임기응변,5,1.0,1.0,1.0,1.0
2310,2311,마이동풍,5,1.0,1.0,1.0,1.0
2311,2312,변명,5,1.0,1.0,1.0,1.0
2312,2313,팔랑귀,5,1.0,1.0,1.0,1.0
2313,2314,어림없다,5,1.0,1.0,1.0,1.0
2314,2315,솔직히,5,1.0,1.0,1.0,1.0
2315,2316,솔직히,5,1.0,1.0,1.0,1.0
2316,2317,맞다,5,1.0,1.0,1.0,1.0
2317,2318,맞다,5,1.0,1.0,1.0,1.0
2318,2319,겸임,5,1.0,1.0,1.0,1.0
2319,2320,동상이몽,5,1.0,1.0,1.0,1.0
2320,2321,함구,5,1.0,1.0,1.0,1.0
2321,2322,함구,5,1.0,1.0,1.0,1.0
2322,2323,함구,5,1.0,1.0,1.0,1.0
2323,2324,겸임,5,1.0,1.0,1.0,1.0
2324,2325,일인다역,5,1.0,1.0,1.0,1.0
2325,2326,책임지다,5,1.0,1.0,1.0,1.0
2326,2327,내버려두다,5,1.0,1.0,1.0,1.0
2327,2328,내뱉다,5,1.0,1.0,1.0,1.0
2328,2329,내뱉다,5,1.0,1.0,1.0,1.0
2329,2330,내뱉다,5,1.0,1.0,1.0,1.0
2330,2331,명령,5,1.0,1.0,1.0,1.0
2331,2332,막히다,5,1.0,1.0,1.0,1.0
2332,2333,막히다,5,1.0,1.0,1.0,1.0
2333,2334,막히다,5,1.0,1.0,1.0,1.0
2334,2335,유구무언,5,1.0,1.0,1.0,1.0
2335,2336,유구무언,5,1.0,1.0,1.0,1.0
2336,2337,유구무언,5,1.0,1.0,1.0,1.0
2337,2338,포기,5,1.0,1.0,1.0,1.0
2338,2339,막상막하,5,1.0,1.0,1.0,1.0
2339,2340,비등하다,5,1.0,1.0,1.0,1.0
2340,2341,포기,5,1.0,1.0,1.0,1.0
2341,2342,얕보다,5,1.0,1.0,1.0,1.0
2342,2343,얕보다,5,1.0,1.0,1.0,1.0
2343,2344,얕보다,5,1.0,1.0,1.0,1.0
2344,2345,얕보다,5,1.0,1.0,1.0,1.0
2345,2346,불간섭,5,1.0,1.0,1.0,1.0
2346,2347,벗어나다,5,1.0,1.0,1.0,1.0
2347,2348,전멸,5,1.0,1.0,1.0,1.0
2348,2349,작살내다,5,1.0,1.0,1.0,1.0
2349,2350,당하다,5,0.8,1.0,0.8,0.888888888888889
2350,2351,만만하다,5,1.0,1.0,1.0,1.0
2351,2352,기대다,5,0.8,1.0,0.8,0.888888888888889
2352,2353,꺼지다,5,0.8,0.8,0.8,0.8000000000000002
2353,2354,꺼지다,5,1.0,1.0,1.0,1.0
2354,2355,꺼지다,5,1.0,1.0,1.0,1.0
2355,2356,꺼지다,5,1.0,1.0,1.0,1.0
2356,2357,꺼지다,5,1.0,1.0,1.0,1.0
2357,2358,꺼지다,5,0.8,1.0,0.8,0.888888888888889
2358,2359,중립,5,1.0,1.0,1.0,1.0
2359,2360,봐주다,5,1.0,1.0,1.0,1.0
2360,2361,해하다,5,1.0,1.0,1.0,1.0
2361,2362,해하다,5,0.8,1.0,0.8,0.888888888888889
2362,2363,달성,5,1.0,1.0,1.0,1.0
2363,2364,무자비,5,1.0,1.0,1.0,1.0
2364,2365,무자비,5,1.0,1.0,1.0,1.0
2365,2366,무자비,5,1.0,1.0,1.0,1.0
2366,2367,괴팍하다,5,1.0,1.0,1.0,1.0
2367,2368,달인,5,1.0,1.0,1.0,1.0
2368,2369,당황,5,1.0,1.0,1.0,1.0
2369,2370,감히,5,1.0,1.0,1.0,1.0
2370,2371,대들다,5,1.0,1.0,1.0,1.0
2371,2372,대들다,5,0.2,1.0,0.2,0.33333333333333337
2372,2373,대단하다,5,1.0,1.0,1.0,1.0
2373,2374,중독되다,5,1.0,1.0,1.0,1.0
2374,2375,부부싸움,5,1.0,1.0,1.0,1.0
2375,2376,멍청하다,5,1.0,1.0,1.0,1.0
2376,2377,뛰어나다,5,1.0,1.0,1.0,1.0
2377,2378,원활,5,1.0,1.0,1.0,1.0
2378,2379,적격,5,0.6,1.0,0.6,0.7499999999999999
2379,2380,엄청나다,5,1.0,1.0,1.0,1.0
2380,2381,무시하다,5,1.0,1.0,1.0,1.0
2381,2382,무시하다,5,1.0,1.0,1.0,1.0
2382,2383,제법,5,1.0,1.0,1.0,1.0
2383,2384,형편없다,5,1.0,1.0,1.0,1.0
2384,2385,빌리다,5,1.0,0.8333333333333334,1.0,0.9090909090909091
2385,2386,빌리다,5,1.0,1.0,1.0,1.0
2386,2387,빌리다,5,1.0,1.0,1.0,1.0
2387,2388,돕다,5,1.0,1.0,1.0,1.0
2388,2389,돕다,5,0.8,1.0,0.8,0.888888888888889
2389,2390,돕다,5,1.0,0.8333333333333334,1.0,0.9090909090909091
2390,2391,욕하다,5,1.0,1.0,1.0,1.0
2391,2392,욕하다,5,1.0,1.0,1.0,1.0
2392,2393,욕하다,5,1.0,1.0,1.0,1.0
2393,2394,주다,5,0.6,1.0,0.6,0.7499999999999999
2394,2395,주다,5,0.8,1.0,0.8,0.888888888888889
2395,2396,주다,5,1.0,1.0,1.0,1.0
2396,2397,지불하다,5,1.0,1.0,1.0,1.0
2397,2398,지불하다,5,1.0,1.0,1.0,1.0
2398,2399,지불하다,5,1.0,1.0,1.0,1.0
2399,2400,대출,5,1.0,0.8333333333333334,1.0,0.9090909090909091
2400,2401,대출,5,0.8,1.0,0.8,0.888888888888889
2401,2402,대출,5,1.0,1.0,1.0,1.0
2402,2403,점등,5,1.0,1.0,1.0,1.0
2403,2404,소등,5,1.0,1.0,1.0,1.0
2404,2405,포항시지부,5,1.0,1.0,1.0,1.0
2405,2406,포항시수화통역센터,5,1.0,1.0,1.0,1.0
2406,2407,포항시청,5,1.0,1.0,1.0,1.0
2407,2408,경남농아인협회,5,1.0,1.0,1.0,1.0
2408,2409,경남농아인협회,5,1.0,1.0,1.0,1.0
2409,2410,거제시지부,5,1.0,1.0,1.0,1.0
2410,2411,거제시수화통역센터,5,1.0,1.0,1.0,1.0
2411,2412,거제시청,5,1.0,1.0,1.0,1.0
2412,2413,거창군지부,5,1.0,1.0,1.0,1.0
2413,2414,거창군수화통역센터,5,1.0,1.0,1.0,1.0
2414,2415,거창군주민지원센터,5,1.0,1.0,1.0,1.0
2415,2416,고성군지부,5,1.0,1.0,1.0,1.0
2416,2417,고성군수화통역센터,5,1.0,1.0,1.0,1.0
2417,2418,고성군주민지원센터,5,1.0,1.0,1.0,1.0
2418,2419,김해시지부,5,1.0,1.0,1.0,1.0
2419,2420,김해시수화통역센터,5,0.8,1.0,0.8,0.888888888888889
2420,2421,김해시청,5,1.0,1.0,1.0,1.0
2421,2422,남해군지부,5,1.0,0.8333333333333334,1.0,0.9090909090909091
2422,2423,남해군수화통역센터,5,1.0,1.0,1.0,1.0
2423,2424,남해군주민지원센터,5,1.0,1.0,1.0,1.0
2424,2425,밀양시지부,5,1.0,1.0,1.0,1.0
2425,2426,밀양시수화통역센터,5,1.0,1.0,1.0,1.0
2426,2427,밀양시청,5,1.0,1.0,1.0,1.0
2427,2428,사천시지부,5,1.0,1.0,1.0,1.0
2428,2429,사천시수화통역센터,5,1.0,1.0,1.0,1.0
2429,2430,사천시청,5,1.0,1.0,1.0,1.0
2430,2431,산청군지부,5,1.0,1.0,1.0,1.0
2431,2432,산청군수화통역센터,5,1.0,1.0,1.0,1.0
2432,2433,산청군주민지원센터,5,1.0,1.0,1.0,1.0
2433,2434,양산시지부,5,1.0,1.0,1.0,1.0
2434,2435,양산시수화통역센터,5,1.0,1.0,1.0,1.0
2435,2436,양산시청,5,1.0,1.0,1.0,1.0
2436,2437,진주시지부,5,1.0,1.0,1.0,1.0
2437,2438,진주시수화통역센터,5,1.0,1.0,1.0,1.0
2438,2439,진주시청,5,1.0,1.0,1.0,1.0
2439,2440,창녕군지부,5,1.0,1.0,1.0,1.0
2440,2441,창녕군수화통역센터,5,1.0,1.0,1.0,1.0
2441,2442,창녕군주민지원센터,5,1.0,1.0,1.0,1.0
2442,2443,마산시지부,5,1.0,1.0,1.0,1.0
2443,2444,마산시수화통역센터,5,1.0,1.0,1.0,1.0
2444,2445,창원시지부,5,1.0,1.0,1.0,1.0
2445,2446,창원시수화통역센터,5,1.0,1.0,1.0,1.0
2446,2447,창원시청,5,1.0,1.0,1.0,1.0
2447,2448,통영시지부,5,1.0,0.8333333333333334,1.0,0.9090909090909091
2448,2449,통영시수화통역센터,5,1.0,1.0,1.0,1.0
2449,2450,통영시청,5,1.0,1.0,1.0,1.0
2450,2451,하동군지부,5,1.0,1.0,1.0,1.0
2451,2452,하동군수화통역센터,5,1.0,1.0,1.0,1.0
2452,2453,하동군주민지원센터,5,1.0,1.0,1.0,1.0
2453,2454,함안군지부,5,1.0,1.0,1.0,1.0
2454,2455,함안군수화통역센터,5,1.0,1.0,1.0,1.0
2455,2456,함안군주민지원센터,5,1.0,1.0,1.0,1.0
2456,2457,제주특별자치도농아인협회,5,1.0,1.0,1.0,1.0
2457,2458,서귀포시지부,5,1.0,1.0,1.0,1.0
2458,2459,서귀포시수화통역센터,5,1.0,1.0,1.0,1.0
2459,2460,서귀포시청,5,1.0,1.0,1.0,1.0
2460,2461,제주시지부,5,1.0,0.8333333333333334,1.0,0.9090909090909091
2461,2462,제주시수화통역센터,5,1.0,1.0,1.0,1.0
2462,2463,제주시청,5,1.0,1.0,1.0,1.0
2463,2464,대구광역시청,5,1.0,1.0,1.0,1.0
2464,2465,대전광역시청,5,1.0,1.0,1.0,1.0
2465,2466,인천광역시청,5,0.8,1.0,0.8,0.888888888888889
2466,2467,광주광역시청,5,1.0,1.0,1.0,1.0
2467,2468,울산광역시청,5,1.0,1.0,1.0,1.0
2468,2469,세종특별자치시,5,1.0,1.0,1.0,1.0
2469,2470,경기도청,5,1.0,1.0,1.0,1.0
2470,2471,제주도청,5,1.0,0.8333333333333334,1.0,0.9090909090909091
2471,2472,충남도청,5,1.0,1.0,1.0,1.0
2472,2473,충북도청,5,1.0,1.0,1.0,1.0
2473,2474,경남도청,5,1.0,1.0,1.0,1.0
2474,2475,경북도청,5,1.0,1.0,1.0,1.0
2475,2476,전남도청,5,1.0,1.0,1.0,1.0
2476,2477,전북도청,5,1.0,1.0,1.0,1.0
2477,2478,강원도청,5,0.8,1.0,0.8,0.888888888888889
2478,2479,궁리,5,1.0,1.0,1.0,1.0
2479,2480,아하,5,1.0,1.0,1.0,1.0
2480,2481,찔리다,5,1.0,0.8333333333333334,1.0,0.9090909090909091
2481,2482,알아차리다,5,1.0,1.0,1.0,1.0
2482,2483,알아차리다,5,1.0,1.0,1.0,1.0
2483,2484,통찰,5,1.0,1.0,1.0,1.0
2484,2485,모르다,5,1.0,1.0,1.0,1.0
2485,2486,어렵다,5,1.0,1.0,1.0,1.0
2486,2487,연구,5,1.0,1.0,1.0,1.0
2487,2488,무소식,5,1.0,1.0,1.0,1.0
2488,2489,소문내다,5,1.0,1.0,1.0,1.0
2489,2490,뜻밖,5,1.0,1.0,1.0,1.0
2490,2491,뜻밖,5,1.0,1.0,1.0,1.0
2491,2492,못하다,5,1.0,1.0,1.0,1.0
2492,2493,가능,5,1.0,1.0,1.0,1.0
2493,2494,해내다,5,1.0,0.7142857142857143,1.0,0.8333333333333333
2494,2495,우습다,5,1.0,0.7142857142857143,1.0,0.8333333333333333
2495,2496,현대,5,1.0,1.0,1.0,1.0
2496,2497,신나다,5,1.0,1.0,1.0,1.0
2497,2498,쌍용,5,1.0,1.0,1.0,1.0
2498,2499,꼴사납다,5,1.0,1.0,1.0,1.0
2499,2500,가소롭다,5,1.0,1.0,1.0,1.0
2500,2501,네덜란드,5,1.0,1.0,1.0,1.0
2501,2502,광기,5,1.0,1.0,1.0,1.0
2502,2503,노르웨이,5,1.0,1.0,1.0,1.0
2503,2504,대만,5,1.0,1.0,1.0,1.0
2504,2505,시시하다,5,1.0,1.0,1.0,1.0
2505,2506,독도,5,1.0,1.0,1.0,1.0
2506,2507,독일,5,1.0,1.0,1.0,1.0
2507,2508,로마,5,1.0,1.0,1.0,1.0
2508,2509,LA,5,1.0,1.0,1.0,1.0
2509,2510,격노,5,1.0,1.0,1.0,1.0
2510,2511,베트남,5,1.0,1.0,1.0,1.0
2511,2512,벨기에,5,1.0,1.0,1.0,1.0
2512,2513,불가리,5,1.0,1.0,1.0,1.0
2513,2514,브라질,5,1.0,1.0,1.0,1.0
2514,2515,스웨덴,5,1.0,1.0,1.0,1.0
2515,2516,격노,5,1.0,1.0,1.0,1.0
2516,2517,싱가폴,5,1.0,0.8333333333333334,1.0,0.9090909090909091
2517,2518,짜증내다,5,1.0,1.0,1.0,1.0
2518,2519,기절초풍,5,1.0,1.0,1.0,1.0
2519,2520,우즈베키스탄,5,1.0,1.0,1.0,1.0
2520,2521,유럽,5,1.0,1.0,1.0,1.0
2521,2522,이란,5,1.0,1.0,1.0,1.0
2522,2523,이집트,5,1.0,0.8333333333333334,1.0,0.9090909090909091
2523,2524,제주도,5,1.0,1.0,1.0,1.0
2524,2525,중국,5,1.0,1.0,1.0,1.0
2525,2526,놀랍다,5,1.0,1.0,1.0,1.0
2526,2527,캄보디아,5,1.0,1.0,1.0,1.0
2527,2528,아프리카,5,1.0,1.0,1.0,1.0
2528,2529,놀랍다,5,1.0,1.0,1.0,1.0
2529,2530,놀랍다,5,1.0,1.0,1.0,1.0
2530,2531,못마땅하다,5,1.0,0.8333333333333334,1.0,0.9090909090909091
2531,2532,역겹다,5,1.0,1.0,1.0,1.0
2532,2533,강물,5,0.4,0.3333333333333333,0.4,0.3636363636363636
2533,2534,언덕,5,1.0,1.0,1.0,1.0
2534,2535,골짜기,5,1.0,1.0,1.0,1.0
2535,2536,황금,5,1.0,1.0,1.0,1.0
2536,2537,석유,5,1.0,1.0,1.0,1.0
2537,2538,달,5,1.0,1.0,1.0,1.0
2538,2539,돌,5,1.0,1.0,1.0,1.0
2539,2540,후지다,5,1.0,1.0,1.0,1.0
2540,2541,흙,5,1.0,0.8333333333333334,1.0,0.9090909090909091
2541,2542,뜨겁다,5,1.0,1.0,1.0,1.0
2542,2543,일출,5,1.0,1.0,1.0,1.0
2543,2544,먹구름,5,1.0,1.0,1.0,1.0
2544,2545,황토,5,1.0,1.0,1.0,1.0
2545,2546,바다,5,1.0,1.0,1.0,1.0
2546,2547,뻔뻔,5,1.0,1.0,1.0,1.0
2547,2548,낭패,5,1.0,1.0,1.0,1.0
2548,2549,바람,5,1.0,1.0,1.0,1.0
2549,2550,뻔뻔,5,1.0,0.8333333333333334,1.0,0.9090909090909091
2550,2551,별,5,1.0,1.0,1.0,1.0
2551,2552,비,5,1.0,1.0,1.0,1.0
2552,2553,찔리다,5,1.0,1.0,1.0,1.0
2553,2554,형편없다,5,1.0,1.0,1.0,1.0
2554,2555,석탄,5,1.0,1.0,1.0,1.0
2555,2556,섬,5,1.0,1.0,1.0,1.0
2556,2557,철,5,1.0,1.0,1.0,1.0
2557,2558,숲,5,1.0,1.0,1.0,1.0
2558,2559,포기,5,1.0,1.0,1.0,1.0
2559,2560,언덕,5,1.0,1.0,1.0,1.0
2560,2561,호수,5,1.0,1.0,1.0,1.0
2561,2562,예고,5,1.0,1.0,1.0,1.0
2562,2563,온도,5,1.0,1.0,1.0,1.0
2563,2564,일몰,5,1.0,0.8333333333333334,1.0,0.9090909090909091
2564,2565,일출,5,1.0,1.0,1.0,1.0
2565,2566,장마,5,1.0,1.0,1.0,1.0
2566,2567,괴롭히다,5,1.0,1.0,1.0,1.0
2567,2568,일몰,5,1.0,1.0,1.0,1.0
2568,2569,제발,5,0.6,1.0,0.6,0.7499999999999999
2569,2570,차다,5,1.0,0.8333333333333334,1.0,0.9090909090909091
2570,2571,위아래,5,1.0,1.0,1.0,1.0
2571,2572,사계절,5,1.0,1.0,1.0,1.0
2572,2573,체온,5,1.0,0.625,1.0,0.7692307692307693
2573,2574,아하,5,1.0,1.0,1.0,1.0
2574,2575,하늘,5,0.2,0.2,0.2,0.20000000000000004
2575,2576,상부,5,1.0,1.0,1.0,1.0
2576,2577,아래,5,1.0,1.0,1.0,1.0
2577,2578,날,5,1.0,1.0,1.0,1.0
2578,2579,수심,5,1.0,1.0,1.0,1.0
2579,2580,햇빛,5,1.0,1.0,1.0,1.0
2580,2581,홍수,5,1.0,1.0,1.0,1.0
2581,2582,감나무,5,1.0,1.0,1.0,1.0
2582,2583,제발,5,0.8,1.0,0.8,0.888888888888889
2583,2584,기린,5,1.0,1.0,1.0,1.0
2584,2585,꿀벌,5,1.0,0.8333333333333334,1.0,0.9090909090909091
2585,2586,쌀벌레,5,1.0,1.0,1.0,1.0
2586,2587,미국,5,1.0,1.0,1.0,1.0
2587,2588,일본,5,1.0,1.0,1.0,1.0
2588,2589,몽골,5,1.0,0.7142857142857143,1.0,0.8333333333333333
2589,2590,러시아,5,1.0,1.0,1.0,1.0
2590,2591,북한,5,1.0,1.0,1.0,1.0
2591,2592,인도,5,1.0,1.0,1.0,1.0
2592,2593,살살,5,0.2,1.0,0.2,0.33333333333333337
2593,2594,봐주다,5,1.0,1.0,1.0,1.0
2594,2595,못보았다,5,0.4,1.0,0.4,0.5714285714285715
2595,2596,영어,5,1.0,1.0,1.0,1.0
2596,2597,이스라엘,5,1.0,1.0,1.0,1.0
2597,2598,필리핀,5,1.0,1.0,1.0,1.0
2598,2599,홍콩,5,1.0,1.0,1.0,1.0
2599,2600,황홀,5,1.0,1.0,1.0,1.0
2600,2601,보이다,5,1.0,1.0,1.0,1.0
2601,2602,이탈리아,5,1.0,1.0,1.0,1.0
2602,2603,군산,5,1.0,1.0,1.0,1.0
2603,2604,목포,5,1.0,1.0,1.0,1.0
2604,2605,인천,5,1.0,1.0,1.0,1.0
2605,2606,금산,5,1.0,0.7142857142857143,1.0,0.8333333333333333
2606,2607,강원도,5,1.0,1.0,1.0,1.0
2607,2608,태백,5,1.0,1.0,1.0,1.0
2608,2609,보이다,5,0.4,1.0,0.4,0.5714285714285715
2609,2610,대구,5,1.0,1.0,1.0,1.0
2610,2611,마산,5,1.0,1.0,1.0,1.0
2611,2612,창원,5,1.0,1.0,1.0,1.0
2612,2613,여수,5,1.0,1.0,1.0,1.0
2613,2614,적중하다,5,1.0,1.0,1.0,1.0
2614,2615,포항,5,1.0,1.0,1.0,1.0
2615,2616,대전,5,1.0,1.0,1.0,1.0
2616,2617,천안,5,1.0,1.0,1.0,1.0
2617,2618,아산,5,1.0,1.0,1.0,1.0
2618,2619,의정부,5,1.0,1.0,1.0,1.0
2619,2620,봐주다,5,1.0,1.0,1.0,1.0
2620,2621,원주,5,1.0,1.0,1.0,1.0
2621,2622,눈썰미,5,1.0,1.0,1.0,1.0
2622,2623,전주,5,1.0,1.0,1.0,1.0
2623,2624,주목,5,1.0,1.0,1.0,1.0
2624,2625,의성,5,1.0,1.0,1.0,1.0
2625,2626,눈가림,5,1.0,1.0,1.0,1.0
2626,2627,남원,5,1.0,1.0,1.0,1.0
2627,2628,삼척,5,1.0,1.0,1.0,1.0
2628,2629,일산,5,1.0,1.0,1.0,1.0
2629,2630,강릉,5,1.0,0.5555555555555556,1.0,0.7142857142857143
2630,2631,영,5,1.0,1.0,1.0,1.0
2631,2632,일,5,1.0,1.0,1.0,1.0
2632,2633,이,5,0.6,1.0,0.6,0.7499999999999999
2633,2634,삼,5,1.0,1.0,1.0,1.0
2634,2635,사,5,1.0,1.0,1.0,1.0
2635,2636,오,5,1.0,1.0,1.0,1.0
2636,2637,육,5,1.0,0.5555555555555556,1.0,0.7142857142857143
2637,2638,칠,5,1.0,1.0,1.0,1.0
2638,2639,팔,5,0.0,0.0,0.0,0.0
2639,2640,구,5,1.0,1.0,1.0,1.0
2640,2641,십,5,0.8,1.0,0.8,0.888888888888889
2641,2642,십,5,1.0,0.8333333333333334,1.0,0.9090909090909091
2642,2643,십일,5,1.0,1.0,1.0,1.0
2643,2644,십이,5,1.0,1.0,1.0,1.0
2644,2645,십삼,5,1.0,1.0,1.0,1.0
2645,2646,십사,5,1.0,1.0,1.0,1.0
2646,2647,십오,5,0.0,0.0,0.0,0.0
2647,2648,십육,5,1.0,1.0,1.0,1.0
2648,2649,십칠,5,1.0,1.0,1.0,1.0
2649,2650,십팔,5,1.0,0.7142857142857143,1.0,0.8333333333333333
2650,2651,십구,5,0.8,1.0,0.8,0.888888888888889
2651,2652,이십,5,1.0,1.0,1.0,1.0
2652,2653,이십일,5,1.0,1.0,1.0,1.0
2653,2654,이십이,5,1.0,1.0,1.0,1.0
2654,2655,이십삼,5,1.0,1.0,1.0,1.0
2655,2656,이십사,5,1.0,1.0,1.0,1.0
2656,2657,이십오,5,1.0,1.0,1.0,1.0
2657,2658,이십육,5,1.0,1.0,1.0,1.0
2658,2659,이십칠,5,1.0,1.0,1.0,1.0
2659,2660,이십팔,5,1.0,1.0,1.0,1.0
2660,2661,이십구,5,1.0,1.0,1.0,1.0
2661,2662,삼십,5,1.0,1.0,1.0,1.0
2662,2663,삼십일,5,1.0,1.0,1.0,1.0
2663,2664,삼십이,5,1.0,1.0,1.0,1.0
2664,2665,삼십삼,5,1.0,1.0,1.0,1.0
2665,2666,삼십사,5,1.0,1.0,1.0,1.0
2666,2667,삼십오,5,1.0,1.0,1.0,1.0
2667,2668,삼십육,5,1.0,1.0,1.0,1.0
2668,2669,삼십칠,5,1.0,1.0,1.0,1.0
2669,2670,삼십팔,5,1.0,1.0,1.0,1.0
2670,2671,삼십구,5,1.0,1.0,1.0,1.0
2671,2672,사십,5,1.0,1.0,1.0,1.0
2672,2673,사십일,5,1.0,1.0,1.0,1.0
2673,2674,사십이,5,1.0,1.0,1.0,1.0
2674,2675,사십삼,5,1.0,1.0,1.0,1.0
2675,2676,사십사,5,1.0,1.0,1.0,1.0
2676,2677,사십오,5,1.0,1.0,1.0,1.0
2677,2678,사십육,5,1.0,1.0,1.0,1.0
2678,2679,사십칠,5,1.0,1.0,1.0,1.0
2679,2680,사십팔,5,1.0,1.0,1.0,1.0
2680,2681,사십구,5,1.0,1.0,1.0,1.0
2681,2682,오십,5,0.2,1.0,0.2,0.33333333333333337
2682,2683,오십일,5,1.0,1.0,1.0,1.0
2683,2684,오십이,5,1.0,1.0,1.0,1.0
2684,2685,오십삼,5,1.0,1.0,1.0,1.0
2685,2686,오십사,5,1.0,1.0,1.0,1.0
2686,2687,오십오,5,1.0,0.625,1.0,0.7692307692307693
2687,2688,오십육,5,1.0,1.0,1.0,1.0
2688,2689,오십칠,5,1.0,1.0,1.0,1.0
2689,2690,오십팔,5,1.0,1.0,1.0,1.0
2690,2691,오십구,5,1.0,1.0,1.0,1.0
2691,2692,육십,5,0.2,1.0,0.2,0.33333333333333337
2692,2693,육십일,5,1.0,1.0,1.0,1.0
2693,2694,육십이,5,1.0,1.0,1.0,1.0
2694,2695,육십삼,5,1.0,1.0,1.0,1.0
2695,2696,육십사,5,1.0,1.0,1.0,1.0
2696,2697,육십오,5,0.8,1.0,0.8,0.888888888888889
2697,2698,육십육,5,1.0,0.8333333333333334,1.0,0.9090909090909091
2698,2699,육십칠,5,1.0,1.0,1.0,1.0
2699,2700,육십팔,5,0.8,1.0,0.8,0.888888888888889
2700,2701,육십구,5,1.0,1.0,1.0,1.0
2701,2702,칠십,5,1.0,1.0,1.0,1.0
2702,2703,칠십일,5,1.0,1.0,1.0,1.0
2703,2704,칠십이,5,1.0,1.0,1.0,1.0
2704,2705,칠십삼,5,1.0,1.0,1.0,1.0
2705,2706,칠십사,5,1.0,1.0,1.0,1.0
2706,2707,칠십오,5,1.0,0.8333333333333334,1.0,0.9090909090909091
2707,2708,칠십육,5,0.8,1.0,0.8,0.888888888888889
2708,2709,칠십칠,5,1.0,0.8333333333333334,1.0,0.9090909090909091
2709,2710,칠십팔,5,1.0,1.0,1.0,1.0
2710,2711,칠십구,5,0.8,1.0,0.8,0.888888888888889
2711,2712,팔십,5,1.0,1.0,1.0,1.0
2712,2713,팔십일,5,1.0,1.0,1.0,1.0
2713,2714,팔십이,5,1.0,1.0,1.0,1.0
2714,2715,팔십삼,5,1.0,1.0,1.0,1.0
2715,2716,팔십사,5,1.0,1.0,1.0,1.0
2716,2717,팔십오,5,1.0,1.0,1.0,1.0
2717,2718,팔십육,5,1.0,1.0,1.0,1.0
2718,2719,팔십칠,5,0.8,1.0,0.8,0.888888888888889
2719,2720,팔십팔,5,1.0,0.8333333333333334,1.0,0.9090909090909091
2720,2721,팔십구,5,1.0,0.8333333333333334,1.0,0.9090909090909091
2721,2722,구십,5,1.0,1.0,1.0,1.0
2722,2723,구십일,5,1.0,1.0,1.0,1.0
2723,2724,구십이,5,1.0,1.0,1.0,1.0
2724,2725,구십삼,5,1.0,1.0,1.0,1.0
2725,2726,구십사,5,1.0,1.0,1.0,1.0
2726,2727,구십오,5,1.0,1.0,1.0,1.0
2727,2728,구십육,5,1.0,1.0,1.0,1.0
2728,2729,구십칠,5,1.0,1.0,1.0,1.0
2729,2730,구십팔,5,0.8,1.0,0.8,0.888888888888889
2730,2731,구십구,5,1.0,1.0,1.0,1.0
2731,2732,백,5,0.0,0.0,0.0,0.0
2732,2733,백일,5,1.0,0.5,1.0,0.6666666666666666
2733,2734,백이,5,1.0,1.0,1.0,1.0
2734,2735,백삼,5,1.0,1.0,1.0,1.0
2735,2736,백사,5,1.0,1.0,1.0,1.0
2736,2737,백오,5,1.0,0.7142857142857143,1.0,0.8333333333333333
2737,2738,백육,5,1.0,0.8333333333333334,1.0,0.9090909090909091
2738,2739,백칠,5,1.0,1.0,1.0,1.0
2739,2740,백팔,5,1.0,0.8333333333333334,1.0,0.9090909090909091
2740,2741,백구,5,1.0,0.7142857142857143,1.0,0.8333333333333333
2741,2742,백십,5,1.0,0.8333333333333334,1.0,0.9090909090909091
2742,2743,백십일,5,0.8,1.0,0.8,0.888888888888889
2743,2744,백십이,5,1.0,1.0,1.0,1.0
2744,2745,백십삼,5,1.0,0.8333333333333334,1.0,0.9090909090909091
2745,2746,백십사,5,1.0,1.0,1.0,1.0
2746,2747,백십오,5,0.6,0.75,0.6,0.6666666666666665
2747,2748,백십육,5,0.8,1.0,0.8,0.888888888888889
2748,2749,백십칠,5,1.0,1.0,1.0,1.0
2749,2750,백십팔,5,1.0,0.7142857142857143,1.0,0.8333333333333333
2750,2751,백십구,5,1.0,1.0,1.0,1.0
2751,2752,백이십,5,1.0,1.0,1.0,1.0
2752,2753,백이십일,5,1.0,0.8333333333333334,1.0,0.9090909090909091
2753,2754,백이십이,5,1.0,1.0,1.0,1.0
2754,2755,백이십삼,5,1.0,0.8333333333333334,1.0,0.9090909090909091
2755,2756,백이십사,5,1.0,1.0,1.0,1.0
2756,2757,백이십오,5,1.0,1.0,1.0,1.0
2757,2758,백이십육,5,1.0,1.0,1.0,1.0
2758,2759,백이십칠,5,1.0,1.0,1.0,1.0
2759,2760,백이십팔,5,1.0,1.0,1.0,1.0
2760,2761,백이십구,5,1.0,1.0,1.0,1.0
2761,2762,백삼십,5,1.0,1.0,1.0,1.0
2762,2763,백삼십일,5,1.0,1.0,1.0,1.0
2763,2764,백삼십이,5,0.8,1.0,0.8,0.888888888888889
2764,2765,백삼십삼,5,1.0,0.8333333333333334,1.0,0.9090909090909091
2765,2766,백삼십사,5,1.0,1.0,1.0,1.0
2766,2767,백삼십오,5,1.0,1.0,1.0,1.0
2767,2768,백삼십육,5,1.0,1.0,1.0,1.0
2768,2769,백삼십칠,5,1.0,1.0,1.0,1.0
2769,2770,백삼십팔,5,1.0,1.0,1.0,1.0
2770,2771,백삼십구,5,1.0,1.0,1.0,1.0
2771,2772,백사십,5,1.0,1.0,1.0,1.0
2772,2773,백사십일,5,1.0,1.0,1.0,1.0
2773,2774,백사십이,5,1.0,1.0,1.0,1.0
2774,2775,백사십삼,5,0.8,1.0,0.8,0.888888888888889
2775,2776,백사십사,5,1.0,1.0,1.0,1.0
2776,2777,백사십오,5,1.0,1.0,1.0,1.0
2777,2778,백사십육,5,1.0,1.0,1.0,1.0
2778,2779,백사십칠,5,1.0,1.0,1.0,1.0
2779,2780,백사십팔,5,1.0,1.0,1.0,1.0
2780,2781,백사십구,5,1.0,1.0,1.0,1.0
2781,2782,백오십,5,1.0,1.0,1.0,1.0
2782,2783,백오십일,5,1.0,1.0,1.0,1.0
2783,2784,백오십이,5,1.0,1.0,1.0,1.0
2784,2785,백오십삼,5,1.0,1.0,1.0,1.0
2785,2786,백오십사,5,1.0,1.0,1.0,1.0
2786,2787,백오십오,5,1.0,1.0,1.0,1.0
2787,2788,백오십육,5,1.0,1.0,1.0,1.0
2788,2789,백오십칠,5,1.0,0.8333333333333334,1.0,0.9090909090909091
2789,2790,백오십팔,5,1.0,1.0,1.0,1.0
2790,2791,백오십구,5,1.0,1.0,1.0,1.0
2791,2792,백육십,5,1.0,1.0,1.0,1.0
2792,2793,백육십일,5,0.8,1.0,0.8,0.888888888888889
2793,2794,백육십이,5,1.0,1.0,1.0,1.0
2794,2795,백육십삼,5,1.0,1.0,1.0,1.0
2795,2796,백육십사,5,1.0,1.0,1.0,1.0
2796,2797,백육십오,5,1.0,1.0,1.0,1.0
2797,2798,백육십육,5,1.0,1.0,1.0,1.0
2798,2799,백육십칠,5,1.0,1.0,1.0,1.0
2799,2800,백육십팔,5,1.0,1.0,1.0,1.0
2800,2801,백육십구,5,1.0,1.0,1.0,1.0
2801,2802,백칠십,5,0.8,1.0,0.8,0.888888888888889
2802,2803,백칠십일,5,1.0,1.0,1.0,1.0
2803,2804,백칠십이,5,1.0,0.8333333333333334,1.0,0.9090909090909091
2804,2805,백칠십삼,5,1.0,1.0,1.0,1.0
2805,2806,백칠십사,5,1.0,0.8333333333333334,1.0,0.9090909090909091
2806,2807,백칠십오,5,1.0,1.0,1.0,1.0
2807,2808,백칠십육,5,1.0,1.0,1.0,1.0
2808,2809,백칠십칠,5,1.0,1.0,1.0,1.0
2809,2810,백칠십팔,5,1.0,1.0,1.0,1.0
2810,2811,백칠십구,5,1.0,1.0,1.0,1.0
2811,2812,백팔십,5,1.0,1.0,1.0,1.0
2812,2813,백팔십일,5,1.0,1.0,1.0,1.0
2813,2814,백팔십이,5,1.0,1.0,1.0,1.0
2814,2815,백팔십삼,5,1.0,1.0,1.0,1.0
2815,2816,백팔십사,5,0.8,1.0,0.8,0.888888888888889
2816,2817,백팔십오,5,1.0,1.0,1.0,1.0
2817,2818,백팔십육,5,1.0,1.0,1.0,1.0
2818,2819,백팔십칠,5,0.8,1.0,0.8,0.888888888888889
2819,2820,백팔십팔,5,1.0,1.0,1.0,1.0
2820,2821,백팔십구,5,0.6,1.0,0.6,0.7499999999999999
2821,2822,백구십,5,1.0,1.0,1.0,1.0
2822,2823,백구십일,5,1.0,1.0,1.0,1.0
2823,2824,백구십이,5,1.0,1.0,1.0,1.0
2824,2825,백구십삼,5,1.0,1.0,1.0,1.0
2825,2826,백구십사,5,1.0,1.0,1.0,1.0
2826,2827,백구십오,5,1.0,1.0,1.0,1.0
2827,2828,백구십육,5,1.0,1.0,1.0,1.0
2828,2829,백구십칠,5,1.0,1.0,1.0,1.0
2829,2830,백구십팔,5,0.8,1.0,0.8,0.888888888888889
2830,2831,백구십구,5,0.6,1.0,0.6,0.7499999999999999
2831,2832,이백,5,1.0,1.0,1.0,1.0
2832,2833,이백십,5,1.0,1.0,1.0,1.0
2833,2834,이백이십,5,1.0,1.0,1.0,1.0
2834,2835,이백삼십,5,1.0,1.0,1.0,1.0
2835,2836,이백사십,5,1.0,1.0,1.0,1.0
2836,2837,이백오십,5,1.0,1.0,1.0,1.0
2837,2838,이백육십,5,1.0,1.0,1.0,1.0
2838,2839,이백칠십,5,1.0,1.0,1.0,1.0
2839,2840,이백팔십,5,1.0,1.0,1.0,1.0
2840,2841,이백구십,5,1.0,1.0,1.0,1.0
2841,2842,삼백,5,1.0,1.0,1.0,1.0
2842,2843,삼백십,5,1.0,1.0,1.0,1.0
2843,2844,삼백이십,5,1.0,1.0,1.0,1.0
2844,2845,삼백삼십,5,1.0,1.0,1.0,1.0
2845,2846,삼백사십,5,1.0,1.0,1.0,1.0
2846,2847,삼백오십,5,1.0,1.0,1.0,1.0
2847,2848,삼백육십,5,1.0,1.0,1.0,1.0
2848,2849,삼백칠십,5,1.0,1.0,1.0,1.0
2849,2850,삼백팔십,5,1.0,1.0,1.0,1.0
2850,2851,삼백구십,5,1.0,1.0,1.0,1.0
2851,2852,사백,5,1.0,1.0,1.0,1.0
2852,2853,사백오십,5,1.0,1.0,1.0,1.0
2853,2854,오백,5,1.0,0.8333333333333334,1.0,0.9090909090909091
2854,2855,오백오십,5,0.8,0.8,0.8,0.8000000000000002
2855,2856,육백,5,1.0,1.0,1.0,1.0
2856,2857,육백오십,5,1.0,1.0,1.0,1.0
2857,2858,칠백,5,1.0,1.0,1.0,1.0
2858,2859,칠백오십,5,1.0,1.0,1.0,1.0
2859,2860,팔백,5,1.0,1.0,1.0,1.0
2860,2861,팔백오십,5,1.0,1.0,1.0,1.0
2861,2862,구백,5,1.0,1.0,1.0,1.0
2862,2863,구백오십,5,1.0,1.0,1.0,1.0
2863,2864,천,5,1.0,1.0,1.0,1.0
2864,2865,천오백,5,1.0,1.0,1.0,1.0
2865,2866,이천,5,1.0,1.0,1.0,1.0
2866,2867,이천오백,5,1.0,1.0,1.0,1.0
2867,2868,삼천,5,1.0,1.0,1.0,1.0
2868,2869,삼천오백,5,1.0,1.0,1.0,1.0
2869,2870,사천,5,1.0,1.0,1.0,1.0
2870,2871,사천오백,5,1.0,1.0,1.0,1.0
2871,2872,오천,5,1.0,1.0,1.0,1.0
2872,2873,오천오백,5,1.0,0.625,1.0,0.7692307692307693
2873,2874,육천,5,1.0,1.0,1.0,1.0
2874,2875,육천오백,5,1.0,1.0,1.0,1.0
2875,2876,칠천,5,1.0,1.0,1.0,1.0
2876,2877,칠천오백,5,1.0,1.0,1.0,1.0
2877,2878,팔천,5,1.0,1.0,1.0,1.0
2878,2879,팔천오백,5,1.0,1.0,1.0,1.0
2879,2880,구천,5,1.0,1.0,1.0,1.0
2880,2881,구천오백,5,1.0,1.0,1.0,1.0
2881,2882,만,5,1.0,1.0,1.0,1.0
2882,2883,만오천,5,1.0,0.5,1.0,0.6666666666666666
2883,2884,이만,5,1.0,1.0,1.0,1.0
2884,2885,이만오천,5,1.0,1.0,1.0,1.0
2885,2886,삼만,5,1.0,1.0,1.0,1.0
2886,2887,삼만오천,5,1.0,1.0,1.0,1.0
2887,2888,사만,5,1.0,1.0,1.0,1.0
2888,2889,사만오천,5,1.0,1.0,1.0,1.0
2889,2890,오만,5,1.0,0.625,1.0,0.7692307692307693
2890,2891,오만오천,5,0.4,1.0,0.4,0.5714285714285715
2891,2892,육만,5,1.0,1.0,1.0,1.0
2892,2893,육만오천,5,1.0,0.8333333333333334,1.0,0.9090909090909091
2893,2894,칠만,5,1.0,0.8333333333333334,1.0,0.9090909090909091
2894,2895,칠만오천,5,1.0,1.0,1.0,1.0
2895,2896,팔만,5,0.2,0.3333333333333333,0.2,0.25
2896,2897,팔만오천,5,0.8,1.0,0.8,0.888888888888889
2897,2898,구만,5,1.0,1.0,1.0,1.0
2898,2899,구만오천,5,0.2,1.0,0.2,0.33333333333333337
2899,2900,십만,5,0.0,0.0,0.0,0.0
2900,2901,십오만,5,0.0,0.0,0.0,0.0
2901,2902,이십만,5,0.8,1.0,0.8,0.888888888888889
2902,2903,이십오만,5,1.0,1.0,1.0,1.0
2903,2904,삼십만,5,1.0,1.0,1.0,1.0
2904,2905,삼십오만,5,1.0,1.0,1.0,1.0
2905,2906,사십만,5,0.8,1.0,0.8,0.888888888888889
2906,2907,사십오만,5,1.0,1.0,1.0,1.0
2907,2908,오십만,5,1.0,1.0,1.0,1.0
2908,2909,오십오만,5,1.0,0.8333333333333334,1.0,0.9090909090909091
2909,2910,육십만,5,1.0,0.8333333333333334,1.0,0.9090909090909091
2910,2911,육십오만,5,1.0,1.0,1.0,1.0
2911,2912,칠십만,5,1.0,0.7142857142857143,1.0,0.8333333333333333
2912,2913,칠십오만,5,1.0,1.0,1.0,1.0
2913,2914,팔십만,5,1.0,0.8333333333333334,1.0,0.9090909090909091
2914,2915,팔십오만,5,1.0,1.0,1.0,1.0
2915,2916,구십만,5,0.8,1.0,0.8,0.888888888888889
2916,2917,구십오만,5,1.0,1.0,1.0,1.0
2917,2918,백만,5,1.0,0.625,1.0,0.7692307692307693
2918,2919,백오십만,5,1.0,1.0,1.0,1.0
2919,2920,이백만,5,1.0,1.0,1.0,1.0
2920,2921,이백오십만,5,1.0,1.0,1.0,1.0
2921,2922,삼백만,5,1.0,1.0,1.0,1.0
2922,2923,삼백오십만,5,1.0,1.0,1.0,1.0
2923,2924,사백만,5,1.0,1.0,1.0,1.0
2924,2925,사백오십만,5,1.0,1.0,1.0,1.0
2925,2926,오백만,5,0.2,0.5,0.2,0.28571428571428575
2926,2927,오백오십만,5,1.0,0.625,1.0,0.7692307692307693
2927,2928,육백만,5,1.0,1.0,1.0,1.0
2928,2929,육백오십만,5,1.0,1.0,1.0,1.0
2929,2930,칠백만,5,1.0,1.0,1.0,1.0
2930,2931,칠백오십만,5,1.0,1.0,1.0,1.0
2931,2932,팔백만,5,1.0,1.0,1.0,1.0
2932,2933,팔백오십만,5,1.0,1.0,1.0,1.0
2933,2934,구백만,5,1.0,1.0,1.0,1.0
2934,2935,구백오십만,5,1.0,1.0,1.0,1.0
2935,2936,천만,5,1.0,1.0,1.0,1.0
2936,2937,천오백만,5,1.0,1.0,1.0,1.0
2937,2938,이천만,5,1.0,1.0,1.0,1.0
2938,2939,이천오백만,5,1.0,1.0,1.0,1.0
2939,2940,삼천만,5,1.0,1.0,1.0,1.0
2940,2941,삼천오백만,5,1.0,1.0,1.0,1.0
2941,2942,사천만,5,1.0,1.0,1.0,1.0
2942,2943,사천오백만,5,1.0,1.0,1.0,1.0
2943,2944,오천만,5,1.0,1.0,1.0,1.0
2944,2945,오천오백만,5,1.0,0.7142857142857143,1.0,0.8333333333333333
2945,2946,육천만,5,1.0,1.0,1.0,1.0
2946,2947,육천오백만,5,1.0,1.0,1.0,1.0
2947,2948,칠천만,5,1.0,1.0,1.0,1.0
2948,2949,칠천오백만,5,1.0,1.0,1.0,1.0
2949,2950,팔천만,5,1.0,0.625,1.0,0.7692307692307693
2950,2951,팔천오백만,5,1.0,1.0,1.0,1.0
2951,2952,구천만,5,1.0,1.0,1.0,1.0
2952,2953,구천오백만,5,1.0,1.0,1.0,1.0
2953,2954,일억,5,1.0,0.8333333333333334,1.0,0.9090909090909091
2954,2955,일억오천만,5,1.0,1.0,1.0,1.0
2955,2956,이억,5,1.0,0.7142857142857143,1.0,0.8333333333333333
2956,2957,이억오천만,5,1.0,0.7142857142857143,1.0,0.8333333333333333
2957,2958,삼억,5,1.0,1.0,1.0,1.0
2958,2959,삼억오천만,5,1.0,0.8333333333333334,1.0,0.9090909090909091
2959,2960,사억,5,1.0,1.0,1.0,1.0
2960,2961,사억오천만,5,1.0,0.8333333333333334,1.0,0.9090909090909091
2961,2962,오억,5,1.0,1.0,1.0,1.0
2962,2963,오억오천만,5,1.0,1.0,1.0,1.0
2963,2964,육억,5,1.0,0.8333333333333334,1.0,0.9090909090909091
2964,2965,육억오천만,5,1.0,1.0,1.0,1.0
2965,2966,칠억,5,0.8,1.0,0.8,0.888888888888889
2966,2967,칠억오천만,5,0.6,1.0,0.6,0.7499999999999999
2967,2968,팔억,5,0.8,0.8,0.8,0.8000000000000002
2968,2969,팔억오천만,5,0.6,1.0,0.6,0.7499999999999999
2969,2970,구억,5,0.8,0.8,0.8,0.8000000000000002
2970,2971,구억오천만,5,0.8,1.0,0.8,0.888888888888889
2971,2972,십억,5,1.0,1.0,1.0,1.0
2972,2973,십억,5,0.8,1.0,0.8,0.888888888888889
2973,2974,십오억,5,0.0,0.0,0.0,0.0
2974,2975,이십억,5,1.0,0.8333333333333334,1.0,0.9090909090909091
2975,2976,이십오억,5,1.0,0.5,1.0,0.6666666666666666
2976,2977,삼십억,5,1.0,1.0,1.0,1.0
2977,2978,삼십오억,5,1.0,1.0,1.0,1.0
2978,2979,사십억,5,1.0,1.0,1.0,1.0
2979,2980,사십오억,5,1.0,1.0,1.0,1.0
2980,2981,오십억,5,0.6,1.0,0.6,0.7499999999999999
2981,2982,오십오억,5,1.0,1.0,1.0,1.0
2982,2983,육십억,5,1.0,1.0,1.0,1.0
2983,2984,육십오억,5,1.0,1.0,1.0,1.0
2984,2985,칠십억,5,1.0,0.7142857142857143,1.0,0.8333333333333333
2985,2986,칠십오억,5,1.0,0.8333333333333334,1.0,0.9090909090909091
2986,2987,팔십억,5,0.6,1.0,0.6,0.7499999999999999
2987,2988,팔십오억,5,0.8,1.0,0.8,0.888888888888889
2988,2989,구십억,5,1.0,1.0,1.0,1.0
2989,2990,구십오억,5,1.0,1.0,1.0,1.0
2990,2991,백억,5,1.0,1.0,1.0,1.0
2991,2992,이백억,5,1.0,1.0,1.0,1.0
2992,2993,삼백억,5,1.0,0.7142857142857143,1.0,0.8333333333333333
2993,2994,사백억,5,0.6,1.0,0.6,0.7499999999999999
2994,2995,오백억,5,1.0,1.0,1.0,1.0
2995,2996,육백억,5,1.0,1.0,1.0,1.0
2996,2997,칠백억,5,1.0,0.8333333333333334,1.0,0.9090909090909091
2997,2998,팔백억,5,0.8,1.0,0.8,0.888888888888889
2998,2999,구백억,5,1.0,1.0,1.0,1.0
2999,3000,일조,5,1.0,1.0,1.0,1.0
